<?xml version='1.0' encoding='UTF-8'?><gpx creator="YAMAP - https://yamap.com" xsi:schemaLocation="http://www.topografix.com/GPX/1/1 http://www.topografix.com/GPX/1/1/gpx.xsd" version="1.1" xmlns="http://www.topografix.com/GPX/1/1" xmlns:xsi="http://www.w3.org/2001/XMLSchema-instance"><metadata><bounds maxlat="36.9232898" maxlon="138.0879702" minlat="36.8618148" minlon="137.9622397"/></metadata><trk><name>火打山ー新潟焼山ー雨飾山</name><number>1</number><trkseg><trkpt lat="36.8677384" lon="138.0791143"><ele>1304.56</ele><time>2025-09-05T23:23:25Z</time></trkpt><trkpt lat="36.8676411" lon="138.0789119"><ele>1304.7350000000001</ele><time>2025-09-05T23:23:52Z</time></trkpt><trkpt lat="36.8676735" lon="138.0786605"><ele>1304.9633333333334</ele><time>2025-09-05T23:24:31Z</time></trkpt><trkpt lat="36.8678914" lon="138.0786567"><ele>1305.9866666666667</ele><time>2025-09-05T23:25:20Z</time></trkpt><trkpt lat="36.868075" lon="138.0785304"><ele>1307.3100000000002</ele><time>2025-09-05T23:25:38Z</time></trkpt><trkpt lat="36.8682778" lon="138.078582"><ele>1308.9266666666667</ele><time>2025-09-05T23:25:56Z</time></trkpt><trkpt lat="36.8684422" lon="138.0787168"><ele>1310.2733333333333</ele><time>2025-09-05T23:26:13Z</time></trkpt><trkpt lat="36.8686175" lon="138.078784"><ele>1311.53</ele><time>2025-09-05T23:26:31Z</time></trkpt><trkpt lat="36.8687751" lon="138.0786697"><ele>1312.9833333333333</ele><time>2025-09-05T23:26:56Z</time></trkpt><trkpt lat="36.8689581" lon="138.0786781"><ele>1314.3866666666668</ele><time>2025-09-05T23:28:49Z</time></trkpt><trkpt lat="36.8691578" lon="138.0787287"><ele>1316.07</ele><time>2025-09-05T23:29:09Z</time></trkpt><trkpt lat="36.8693162" lon="138.0788993"><ele>1317.2533333333333</ele><time>2025-09-05T23:29:27Z</time></trkpt><trkpt lat="36.8693028" lon="138.079128"><ele>1317.41</ele><time>2025-09-05T23:29:45Z</time></trkpt><trkpt lat="36.8694457" lon="138.079276"><ele>1317.1166666666668</ele><time>2025-09-05T23:30:06Z</time></trkpt><trkpt lat="36.8696084" lon="138.079382"><ele>1317.4033333333334</ele><time>2025-09-05T23:30:24Z</time></trkpt><trkpt lat="36.8697749" lon="138.0795312"><ele>1319.1599999999999</ele><time>2025-09-05T23:30:46Z</time></trkpt><trkpt lat="36.8699493" lon="138.0796602"><ele>1321.4266666666665</ele><time>2025-09-05T23:31:07Z</time></trkpt><trkpt lat="36.8701079" lon="138.0797756"><ele>1323.39</ele><time>2025-09-05T23:31:24Z</time></trkpt><trkpt lat="36.8702671" lon="138.0799117"><ele>1324.5900000000001</ele><time>2025-09-05T23:31:43Z</time></trkpt><trkpt lat="36.8704674" lon="138.0799611"><ele>1325.5566666666666</ele><time>2025-09-05T23:32:00Z</time></trkpt><trkpt lat="36.8706616" lon="138.080034"><ele>1326.85</ele><time>2025-09-05T23:32:21Z</time></trkpt><trkpt lat="36.8708623" lon="138.0800368"><ele>1328.2</ele><time>2025-09-05T23:32:43Z</time></trkpt><trkpt lat="36.8710661" lon="138.080093"><ele>1329.4433333333334</ele><time>2025-09-05T23:33:03Z</time></trkpt><trkpt lat="36.8712503" lon="138.0801251"><ele>1330.45</ele><time>2025-09-05T23:33:28Z</time></trkpt><trkpt lat="36.8714061" lon="138.0799777"><ele>1332.03</ele><time>2025-09-05T23:33:49Z</time></trkpt><trkpt lat="36.8715819" lon="138.0798971"><ele>1333.9033333333334</ele><time>2025-09-05T23:34:10Z</time></trkpt><trkpt lat="36.8717555" lon="138.0797691"><ele>1336.1766666666667</ele><time>2025-09-05T23:34:33Z</time></trkpt><trkpt lat="36.8719518" lon="138.0797636"><ele>1338.5200000000002</ele><time>2025-09-05T23:34:57Z</time></trkpt><trkpt lat="36.8721556" lon="138.0797189"><ele>1341.0533333333333</ele><time>2025-09-05T23:35:20Z</time></trkpt><trkpt lat="36.8723314" lon="138.0795864"><ele>1343.1166666666668</ele><time>2025-09-05T23:35:44Z</time></trkpt><trkpt lat="36.872517" lon="138.0795429"><ele>1345.3633333333335</ele><time>2025-09-05T23:36:04Z</time></trkpt><trkpt lat="36.8727065" lon="138.0795243"><ele>1347.6933333333334</ele><time>2025-09-05T23:36:27Z</time></trkpt><trkpt lat="36.8728811" lon="138.0794491"><ele>1349.7933333333333</ele><time>2025-09-05T23:36:52Z</time></trkpt><trkpt lat="36.8730885" lon="138.0794389"><ele>1351.7633333333335</ele><time>2025-09-05T23:37:13Z</time></trkpt><trkpt lat="36.8732533" lon="138.079541"><ele>1353.8166666666666</ele><time>2025-09-05T23:37:36Z</time></trkpt><trkpt lat="36.8734543" lon="138.0795395"><ele>1356.466666666667</ele><time>2025-09-05T23:38:00Z</time></trkpt><trkpt lat="36.8736445" lon="138.0794616"><ele>1358.91</ele><time>2025-09-05T23:38:27Z</time></trkpt><trkpt lat="36.8738232" lon="138.0793573"><ele>1361.6133333333332</ele><time>2025-09-05T23:38:55Z</time></trkpt><trkpt lat="36.874" lon="138.0792896"><ele>1364.8366666666668</ele><time>2025-09-05T23:39:18Z</time></trkpt><trkpt lat="36.8741873" lon="138.0793006"><ele>1368.22</ele><time>2025-09-05T23:39:46Z</time></trkpt><trkpt lat="36.8743704" lon="138.0792109"><ele>1371.846666666667</ele><time>2025-09-05T23:40:16Z</time></trkpt><trkpt lat="36.8745709" lon="138.0792608"><ele>1375.18</ele><time>2025-09-05T23:40:43Z</time></trkpt><trkpt lat="36.874754" lon="138.0791808"><ele>1378.28</ele><time>2025-09-05T23:41:04Z</time></trkpt><trkpt lat="36.8749357" lon="138.0792598"><ele>1380.3333333333333</ele><time>2025-09-05T23:41:24Z</time></trkpt><trkpt lat="36.8751407" lon="138.0792204"><ele>1382.3333333333333</ele><time>2025-09-05T23:41:51Z</time></trkpt><trkpt lat="36.8753211" lon="138.0791434"><ele>1385.01</ele><time>2025-09-05T23:42:15Z</time></trkpt><trkpt lat="36.875393" lon="138.0789206"><ele>1387.41</ele><time>2025-09-05T23:42:39Z</time></trkpt><trkpt lat="36.875563" lon="138.0788015"><ele>1389.2533333333333</ele><time>2025-09-05T23:43:06Z</time></trkpt><trkpt lat="36.875704" lon="138.0786583"><ele>1390.6466666666668</ele><time>2025-09-05T23:43:33Z</time></trkpt><trkpt lat="36.8758674" lon="138.0785632"><ele>1393.7933333333333</ele><time>2025-09-05T23:43:55Z</time></trkpt><trkpt lat="36.8760579" lon="138.0786121"><ele>1397.9633333333334</ele><time>2025-09-05T23:44:18Z</time></trkpt><trkpt lat="36.8762148" lon="138.0784655"><ele>1400.99</ele><time>2025-09-05T23:44:48Z</time></trkpt><trkpt lat="36.876374" lon="138.0783253"><ele>1403.0266666666666</ele><time>2025-09-05T23:45:21Z</time></trkpt><trkpt lat="36.876542" lon="138.0782319"><ele>1405.0866666666668</ele><time>2025-09-05T23:45:46Z</time></trkpt><trkpt lat="36.8767237" lon="138.0782097"><ele>1407.8133333333335</ele><time>2025-09-05T23:46:10Z</time></trkpt><trkpt lat="36.8769175" lon="138.0781474"><ele>1410.1466666666668</ele><time>2025-09-05T23:46:33Z</time></trkpt><trkpt lat="36.8771018" lon="138.0782126"><ele>1411.8533333333335</ele><time>2025-09-05T23:46:54Z</time></trkpt><trkpt lat="36.8772849" lon="138.0782501"><ele>1414.4866666666667</ele><time>2025-09-05T23:47:12Z</time></trkpt><trkpt lat="36.8774642" lon="138.0782886"><ele>1417.7266666666667</ele><time>2025-09-05T23:47:33Z</time></trkpt><trkpt lat="36.8776327" lon="138.0783731"><ele>1421.506666666667</ele><time>2025-09-05T23:47:54Z</time></trkpt><trkpt lat="36.877817" lon="138.0784196"><ele>1425.0133333333335</ele><time>2025-09-05T23:48:15Z</time></trkpt><trkpt lat="36.8780074" lon="138.0785012"><ele>1428.5166666666667</ele><time>2025-09-05T23:48:43Z</time></trkpt><trkpt lat="36.8781163" lon="138.0787093"><ele>1431.5233333333333</ele><time>2025-09-05T23:49:03Z</time></trkpt><trkpt lat="36.8782059" lon="138.0789396"><ele>1433.9133333333332</ele><time>2025-09-05T23:49:25Z</time></trkpt><trkpt lat="36.8783069" lon="138.0791284"><ele>1435.6033333333332</ele><time>2025-09-05T23:49:48Z</time></trkpt><trkpt lat="36.8784946" lon="138.079047"><ele>1437.7333333333333</ele><time>2025-09-05T23:50:16Z</time></trkpt><trkpt lat="36.878691" lon="138.0789995"><ele>1440.0900000000001</ele><time>2025-09-05T23:50:40Z</time></trkpt><trkpt lat="36.8788521" lon="138.0788825"><ele>1441.6366666666665</ele><time>2025-09-05T23:51:00Z</time></trkpt><trkpt lat="36.8790225" lon="138.0787448"><ele>1443.0</ele><time>2025-09-05T23:51:30Z</time></trkpt><trkpt lat="36.8792013" lon="138.0787146"><ele>1444.75</ele><time>2025-09-05T23:52:01Z</time></trkpt><trkpt lat="36.8793521" lon="138.0788521"><ele>1448.08</ele><time>2025-09-05T23:52:25Z</time></trkpt><trkpt lat="36.879521" lon="138.078958"><ele>1451.3700000000001</ele><time>2025-09-05T23:52:48Z</time></trkpt><trkpt lat="36.8796887" lon="138.0790424"><ele>1454.8133333333335</ele><time>2025-09-05T23:53:19Z</time></trkpt><trkpt lat="36.8798756" lon="138.0791593"><ele>1458.2666666666664</ele><time>2025-09-05T23:53:40Z</time></trkpt><trkpt lat="36.8800784" lon="138.0791881"><ele>1461.7699999999998</ele><time>2025-09-05T23:54:03Z</time></trkpt><trkpt lat="36.8802767" lon="138.079207"><ele>1465.1499999999999</ele><time>2025-09-05T23:54:30Z</time></trkpt><trkpt lat="36.8804646" lon="138.0792383"><ele>1468.3166666666666</ele><time>2025-09-05T23:55:00Z</time></trkpt><trkpt lat="36.8806517" lon="138.0792894"><ele>1471.8933333333334</ele><time>2025-09-05T23:55:33Z</time></trkpt><trkpt lat="36.8808459" lon="138.0792836"><ele>1475.4166666666667</ele><time>2025-09-05T23:56:04Z</time></trkpt><trkpt lat="36.8810169" lon="138.0791643"><ele>1479.1899999999998</ele><time>2025-09-05T23:56:33Z</time></trkpt><trkpt lat="36.881209" lon="138.0791699"><ele>1482.6800000000003</ele><time>2025-09-05T23:57:06Z</time></trkpt><trkpt lat="36.8813616" lon="138.0793009"><ele>1486.5866666666668</ele><time>2025-09-05T23:57:31Z</time></trkpt><trkpt lat="36.8815548" lon="138.0793045"><ele>1490.96</ele><time>2025-09-05T23:57:57Z</time></trkpt><trkpt lat="36.8817356" lon="138.079338"><ele>1494.97</ele><time>2025-09-05T23:58:31Z</time></trkpt><trkpt lat="36.8819262" lon="138.0793981"><ele>1499.4766666666667</ele><time>2025-09-05T23:58:57Z</time></trkpt><trkpt lat="36.8821226" lon="138.0794369"><ele>1504.3000000000002</ele><time>2025-09-05T23:59:24Z</time></trkpt><trkpt lat="36.8823123" lon="138.0794715"><ele>1509.2033333333336</ele><time>2025-09-05T23:59:52Z</time></trkpt><trkpt lat="36.8824887" lon="138.0795891"><ele>1513.0733333333335</ele><time>2025-09-06T00:00:18Z</time></trkpt><trkpt lat="36.8826694" lon="138.0796639"><ele>1516.2466666666667</ele><time>2025-09-06T00:00:46Z</time></trkpt><trkpt lat="36.8828449" lon="138.0797888"><ele>1519.9333333333334</ele><time>2025-09-06T00:01:10Z</time></trkpt><trkpt lat="36.8830277" lon="138.0798137"><ele>1524.51</ele><time>2025-09-06T00:01:42Z</time></trkpt><trkpt lat="36.8832273" lon="138.0798673"><ele>1529.1533333333334</ele><time>2025-09-06T00:02:21Z</time></trkpt><trkpt lat="36.8834192" lon="138.0798118"><ele>1532.9866666666667</ele><time>2025-09-06T00:02:50Z</time></trkpt><trkpt lat="36.8835744" lon="138.0799262"><ele>1536.073333333333</ele><time>2025-09-06T00:03:17Z</time></trkpt><trkpt lat="36.8837564" lon="138.0799854"><ele>1539.0533333333333</ele><time>2025-09-06T00:03:43Z</time></trkpt><trkpt lat="36.8839237" lon="138.0800726"><ele>1542.1633333333332</ele><time>2025-09-06T00:04:06Z</time></trkpt><trkpt lat="36.8841025" lon="138.0801753"><ele>1545.25</ele><time>2025-09-06T00:04:36Z</time></trkpt><trkpt lat="36.8842229" lon="138.0803734"><ele>1548.3333333333333</ele><time>2025-09-06T00:05:03Z</time></trkpt><trkpt lat="36.8843032" lon="138.0805845"><ele>1552.2833333333335</ele><time>2025-09-06T00:05:30Z</time></trkpt><trkpt lat="36.884468" lon="138.0807109"><ele>1556.2966666666669</ele><time>2025-09-06T00:06:04Z</time></trkpt><trkpt lat="36.8845724" lon="138.0808939"><ele>1561.2233333333334</ele><time>2025-09-06T00:06:37Z</time></trkpt><trkpt lat="36.8847107" lon="138.0810391"><ele>1565.4866666666667</ele><time>2025-09-06T00:07:04Z</time></trkpt><trkpt lat="36.8847758" lon="138.08126"><ele>1570.4033333333334</ele><time>2025-09-06T00:07:31Z</time></trkpt><trkpt lat="36.8849346" lon="138.0813986"><ele>1574.0366666666666</ele><time>2025-09-06T00:08:09Z</time></trkpt><trkpt lat="36.8850471" lon="138.0815749"><ele>1576.7733333333333</ele><time>2025-09-06T00:08:37Z</time></trkpt><trkpt lat="36.8851957" lon="138.0817156"><ele>1576.97</ele><time>2025-09-06T00:09:12Z</time></trkpt><trkpt lat="36.8853701" lon="138.0816157"><ele>1574.6733333333334</ele><time>2025-09-06T00:09:45Z</time></trkpt><trkpt lat="36.8855571" lon="138.0815599"><ele>1573.4233333333334</ele><time>2025-09-06T00:11:26Z</time></trkpt><trkpt lat="36.8856241" lon="138.0817816"><ele>1575.1899999999998</ele><time>2025-09-06T00:13:06Z</time></trkpt><trkpt lat="36.8856804" lon="138.0820041"><ele>1580.5333333333335</ele><time>2025-09-06T00:13:26Z</time></trkpt><trkpt lat="36.8857649" lon="138.0822167"><ele>1585.9300000000003</ele><time>2025-09-06T00:14:05Z</time></trkpt><trkpt lat="36.8859528" lon="138.0822338"><ele>1591.2233333333334</ele><time>2025-09-06T00:15:15Z</time></trkpt><trkpt lat="36.8861176" lon="138.0823566"><ele>1596.8266666666666</ele><time>2025-09-06T00:15:39Z</time></trkpt><trkpt lat="36.8862993" lon="138.0823862"><ele>1603.5966666666666</ele><time>2025-09-06T00:16:27Z</time></trkpt><trkpt lat="36.8864575" lon="138.0822647"><ele>1608.6466666666665</ele><time>2025-09-06T00:17:12Z</time></trkpt><trkpt lat="36.8865819" lon="138.0820885"><ele>1611.8633333333335</ele><time>2025-09-06T00:17:35Z</time></trkpt><trkpt lat="36.8867494" lon="138.0819708"><ele>1613.7333333333336</ele><time>2025-09-06T00:18:08Z</time></trkpt><trkpt lat="36.8869296" lon="138.0818846"><ele>1616.49</ele><time>2025-09-06T00:18:32Z</time></trkpt><trkpt lat="36.8871293" lon="138.081837"><ele>1620.9666666666665</ele><time>2025-09-06T00:19:06Z</time></trkpt><trkpt lat="36.8873206" lon="138.0818767"><ele>1625.6466666666668</ele><time>2025-09-06T00:19:30Z</time></trkpt><trkpt lat="36.8875055" lon="138.0818163"><ele>1628.8366666666668</ele><time>2025-09-06T00:20:02Z</time></trkpt><trkpt lat="36.8876854" lon="138.0819147"><ele>1632.4633333333334</ele><time>2025-09-06T00:20:36Z</time></trkpt><trkpt lat="36.8878867" lon="138.0819297"><ele>1636.7733333333333</ele><time>2025-09-06T00:21:14Z</time></trkpt><trkpt lat="36.8880775" lon="138.0818815"><ele>1640.9899999999998</ele><time>2025-09-06T00:21:50Z</time></trkpt><trkpt lat="36.8882452" lon="138.0819879"><ele>1644.3033333333333</ele><time>2025-09-06T00:22:21Z</time></trkpt><trkpt lat="36.8884295" lon="138.0820369"><ele>1648.6499999999999</ele><time>2025-09-06T00:23:51Z</time></trkpt><trkpt lat="36.8885515" lon="138.0818619"><ele>1653.6933333333334</ele><time>2025-09-06T00:24:30Z</time></trkpt><trkpt lat="36.8886423" lon="138.0820575"><ele>1659.9966666666667</ele><time>2025-09-06T00:25:05Z</time></trkpt><trkpt lat="36.8885385" lon="138.0822513"><ele>1662.9433333333334</ele><time>2025-09-06T00:25:32Z</time></trkpt><trkpt lat="36.8884513" lon="138.0824677"><ele>1668.57</ele><time>2025-09-06T00:26:30Z</time></trkpt><trkpt lat="36.888609" lon="138.082601"><ele>1673.3266666666666</ele><time>2025-09-06T00:27:45Z</time></trkpt><trkpt lat="36.8886166" lon="138.082826"><ele>1683.8366666666668</ele><time>2025-09-06T00:29:09Z</time></trkpt><trkpt lat="36.8887872" lon="138.0829124"><ele>1693.7233333333334</ele><time>2025-09-06T00:29:59Z</time></trkpt><trkpt lat="36.8887659" lon="138.0831368"><ele>1705.36</ele><time>2025-09-06T00:31:17Z</time></trkpt><trkpt lat="36.8889566" lon="138.0831106"><ele>1711.13</ele><time>2025-09-06T00:32:09Z</time></trkpt><trkpt lat="36.889134" lon="138.0832007"><ele>1719.6433333333334</ele><time>2025-09-06T00:32:59Z</time></trkpt><trkpt lat="36.8889599" lon="138.0833098"><ele>1724.95</ele><time>2025-09-06T00:33:41Z</time></trkpt><trkpt lat="36.8888412" lon="138.0834809"><ele>1733.0366666666669</ele><time>2025-09-06T00:34:15Z</time></trkpt><trkpt lat="36.8890021" lon="138.0835864"><ele>1738.3733333333332</ele><time>2025-09-06T00:35:24Z</time></trkpt><trkpt lat="36.8889056" lon="138.0837778"><ele>1745.7533333333333</ele><time>2025-09-06T00:36:21Z</time></trkpt><trkpt lat="36.8889889" lon="138.0839817"><ele>1754.1766666666665</ele><time>2025-09-06T00:37:45Z</time></trkpt><trkpt lat="36.8888341" lon="138.0840993"><ele>1762.9166666666667</ele><time>2025-09-06T00:38:38Z</time></trkpt><trkpt lat="36.8886564" lon="138.0841438"><ele>1769.2166666666665</ele><time>2025-09-06T00:39:30Z</time></trkpt><trkpt lat="36.8887627" lon="138.0843344"><ele>1776.0133333333333</ele><time>2025-09-06T00:40:51Z</time></trkpt><trkpt lat="36.8888824" lon="138.0845101"><ele>1781.7766666666666</ele><time>2025-09-06T00:41:36Z</time></trkpt><trkpt lat="36.8890624" lon="138.0845222"><ele>1789.5600000000002</ele><time>2025-09-06T00:42:21Z</time></trkpt><trkpt lat="36.8892515" lon="138.0845026"><ele>1795.7666666666667</ele><time>2025-09-06T00:43:03Z</time></trkpt><trkpt lat="36.8894384" lon="138.0844454"><ele>1802.6233333333332</ele><time>2025-09-06T00:43:57Z</time></trkpt><trkpt lat="36.8896141" lon="138.0843935"><ele>1807.3733333333332</ele><time>2025-09-06T00:46:17Z</time></trkpt><trkpt lat="36.8897954" lon="138.0844659"><ele>1814.3333333333333</ele><time>2025-09-06T00:47:02Z</time></trkpt><trkpt lat="36.889976" lon="138.0845074"><ele>1821.7033333333336</ele><time>2025-09-06T00:47:41Z</time></trkpt><trkpt lat="36.8901564" lon="138.0845367"><ele>1834.0600000000002</ele><time>2025-09-06T00:49:59Z</time></trkpt><trkpt lat="36.8903446" lon="138.0845458"><ele>1847.4866666666667</ele><time>2025-09-06T00:51:35Z</time></trkpt><trkpt lat="36.890532" lon="138.0846128"><ele>1861.0366666666669</ele><time>2025-09-06T00:52:32Z</time></trkpt><trkpt lat="36.8906909" lon="138.0844912"><ele>1872.8533333333332</ele><time>2025-09-06T00:55:56Z</time></trkpt><trkpt lat="36.8908289" lon="138.0843368"><ele>1880.8466666666666</ele><time>2025-09-06T00:56:35Z</time></trkpt><trkpt lat="36.890991" lon="138.0842026"><ele>1886.5133333333333</ele><time>2025-09-06T00:57:32Z</time></trkpt><trkpt lat="36.8910184" lon="138.0844396"><ele>1892.07</ele><time>2025-09-06T00:58:32Z</time></trkpt><trkpt lat="36.8911903" lon="138.0843661"><ele>1896.9266666666665</ele><time>2025-09-06T00:59:35Z</time></trkpt><trkpt lat="36.8913652" lon="138.0844563"><ele>1904.8666666666666</ele><time>2025-09-06T01:00:35Z</time></trkpt><trkpt lat="36.8914944" lon="138.0846329"><ele>1911.2866666666666</ele><time>2025-09-06T01:01:58Z</time></trkpt><trkpt lat="36.8916529" lon="138.0847535"><ele>1918.6899999999998</ele><time>2025-09-06T01:02:41Z</time></trkpt><trkpt lat="36.8918218" lon="138.084847"><ele>1923.68</ele><time>2025-09-06T01:03:23Z</time></trkpt><trkpt lat="36.8920075" lon="138.0849367"><ele>1928.3033333333333</ele><time>2025-09-06T01:04:08Z</time></trkpt><trkpt lat="36.8922148" lon="138.0849643"><ele>1931.6366666666665</ele><time>2025-09-06T01:04:37Z</time></trkpt><trkpt lat="36.892389" lon="138.0848714"><ele>1934.5900000000001</ele><time>2025-09-06T01:05:13Z</time></trkpt><trkpt lat="36.8925523" lon="138.0847568"><ele>1936.4333333333334</ele><time>2025-09-06T01:05:53Z</time></trkpt><trkpt lat="36.8927341" lon="138.0846992"><ele>1937.8533333333332</ele><time>2025-09-06T01:06:26Z</time></trkpt><trkpt lat="36.8928678" lon="138.084543"><ele>1940.0199999999998</ele><time>2025-09-06T01:06:59Z</time></trkpt><trkpt lat="36.8930504" lon="138.0844641"><ele>1942.53</ele><time>2025-09-06T01:07:35Z</time></trkpt><trkpt lat="36.8932006" lon="138.0843254"><ele>1945.2</ele><time>2025-09-06T01:08:14Z</time></trkpt><trkpt lat="36.8933849" lon="138.0843064"><ele>1947.4233333333332</ele><time>2025-09-06T01:08:38Z</time></trkpt><trkpt lat="36.8935592" lon="138.0842427"><ele>1949.1433333333334</ele><time>2025-09-06T01:09:02Z</time></trkpt><trkpt lat="36.89361" lon="138.0840159"><ele>1951.93</ele><time>2025-09-06T01:10:11Z</time></trkpt><trkpt lat="36.8937796" lon="138.0839318"><ele>1955.1200000000001</ele><time>2025-09-06T01:10:47Z</time></trkpt><trkpt lat="36.8939374" lon="138.0838206"><ele>1959.63</ele><time>2025-09-06T01:11:47Z</time></trkpt><trkpt lat="36.8941032" lon="138.0837099"><ele>1963.9433333333334</ele><time>2025-09-06T01:12:29Z</time></trkpt><trkpt lat="36.8942466" lon="138.0835674"><ele>1969.1966666666667</ele><time>2025-09-06T01:13:11Z</time></trkpt><trkpt lat="36.8944488" lon="138.0835422"><ele>1974.78</ele><time>2025-09-06T01:14:26Z</time></trkpt><trkpt lat="36.8946062" lon="138.0834311"><ele>1980.6133333333335</ele><time>2025-09-06T01:15:08Z</time></trkpt><trkpt lat="36.8948037" lon="138.0833674"><ele>1984.3566666666668</ele><time>2025-09-06T01:15:44Z</time></trkpt><trkpt lat="36.8949811" lon="138.0833274"><ele>1986.1633333333332</ele><time>2025-09-06T01:16:20Z</time></trkpt><trkpt lat="36.8951707" lon="138.0832498"><ele>1987.4966666666667</ele><time>2025-09-06T01:16:50Z</time></trkpt><trkpt lat="36.8953632" lon="138.083205"><ele>1990.1733333333334</ele><time>2025-09-06T01:17:31Z</time></trkpt><trkpt lat="36.8955433" lon="138.0832869"><ele>1992.8166666666668</ele><time>2025-09-06T01:17:57Z</time></trkpt><trkpt lat="36.8957028" lon="138.0833914"><ele>1995.8466666666666</ele><time>2025-09-06T01:18:37Z</time></trkpt><trkpt lat="36.8958029" lon="138.083597"><ele>1998.5433333333333</ele><time>2025-09-06T01:19:46Z</time></trkpt><trkpt lat="36.8958916" lon="138.0837997"><ele>2003.756666666667</ele><time>2025-09-06T01:20:46Z</time></trkpt><trkpt lat="36.896018" lon="138.0839613"><ele>2008.466666666667</ele><time>2025-09-06T01:21:36Z</time></trkpt><trkpt lat="36.8960814" lon="138.0841877"><ele>2013.1966666666667</ele><time>2025-09-06T01:22:14Z</time></trkpt><trkpt lat="36.8961526" lon="138.0843994"><ele>2016.53</ele><time>2025-09-06T01:22:41Z</time></trkpt><trkpt lat="36.8963202" lon="138.0844878"><ele>2021.5766666666666</ele><time>2025-09-06T01:23:33Z</time></trkpt><trkpt lat="36.8964952" lon="138.0845768"><ele>2026.58</ele><time>2025-09-06T01:24:12Z</time></trkpt><trkpt lat="36.8966651" lon="138.0846992"><ele>2032.1466666666668</ele><time>2025-09-06T01:24:44Z</time></trkpt><trkpt lat="36.8968413" lon="138.0848063"><ele>2035.9233333333334</ele><time>2025-09-06T01:25:14Z</time></trkpt><trkpt lat="36.8970114" lon="138.0849434"><ele>2040.4266666666665</ele><time>2025-09-06T01:25:56Z</time></trkpt><trkpt lat="36.8971634" lon="138.0850755"><ele>2044.5133333333333</ele><time>2025-09-06T01:26:24Z</time></trkpt><trkpt lat="36.8973433" lon="138.0851727"><ele>2049.3566666666666</ele><time>2025-09-06T01:26:57Z</time></trkpt><trkpt lat="36.8974966" lon="138.0850496"><ele>2053.4133333333334</ele><time>2025-09-06T01:27:54Z</time></trkpt><trkpt lat="36.8976704" lon="138.0851178"><ele>2057.65</ele><time>2025-09-06T01:28:36Z</time></trkpt><trkpt lat="36.897863" lon="138.0851323"><ele>2061.5033333333336</ele><time>2025-09-06T01:31:15Z</time></trkpt><trkpt lat="36.8980439" lon="138.0850908"><ele>2065.17</ele><time>2025-09-06T01:31:48Z</time></trkpt><trkpt lat="36.8982265" lon="138.0850878"><ele>2068.866666666667</ele><time>2025-09-06T01:32:15Z</time></trkpt><trkpt lat="36.8984108" lon="138.085053"><ele>2071.9566666666665</ele><time>2025-09-06T01:33:21Z</time></trkpt><trkpt lat="36.8985958" lon="138.0850057"><ele>2074.9066666666663</ele><time>2025-09-06T01:33:53Z</time></trkpt><trkpt lat="36.8987871" lon="138.084964"><ele>2076.496666666667</ele><time>2025-09-06T01:34:24Z</time></trkpt><trkpt lat="36.8989765" lon="138.0849599"><ele>2077.6433333333334</ele><time>2025-09-06T01:34:57Z</time></trkpt><trkpt lat="36.8991599" lon="138.0849962"><ele>2078.1000000000004</ele><time>2025-09-06T01:35:24Z</time></trkpt><trkpt lat="36.8993353" lon="138.0849292"><ele>2078.96</ele><time>2025-09-06T01:36:00Z</time></trkpt><trkpt lat="36.8995171" lon="138.0849014"><ele>2080.943333333333</ele><time>2025-09-06T01:36:27Z</time></trkpt><trkpt lat="36.8996925" lon="138.0848177"><ele>2083.9733333333334</ele><time>2025-09-06T01:37:08Z</time></trkpt><trkpt lat="36.8998679" lon="138.0847498"><ele>2087.556666666667</ele><time>2025-09-06T01:37:42Z</time></trkpt><trkpt lat="36.9000488" lon="138.0847939"><ele>2090.483333333333</ele><time>2025-09-06T01:38:00Z</time></trkpt><trkpt lat="36.9002456" lon="138.0847775"><ele>2092.9633333333336</ele><time>2025-09-06T01:38:39Z</time></trkpt><trkpt lat="36.9004288" lon="138.0847901"><ele>2095.2333333333336</ele><time>2025-09-06T01:39:03Z</time></trkpt><trkpt lat="36.9006136" lon="138.0847927"><ele>2097.3433333333332</ele><time>2025-09-06T01:39:27Z</time></trkpt><trkpt lat="36.9007909" lon="138.0848533"><ele>2099.1433333333334</ele><time>2025-09-06T01:39:57Z</time></trkpt><trkpt lat="36.9009282" lon="138.0850311"><ele>2099.853333333333</ele><time>2025-09-06T01:40:21Z</time></trkpt><trkpt lat="36.9010387" lon="138.0852262"><ele>2099.3933333333334</ele><time>2025-09-06T01:40:38Z</time></trkpt><trkpt lat="36.9011689" lon="138.0854333"><ele>2099.1133333333332</ele><time>2025-09-06T01:40:59Z</time></trkpt><trkpt lat="36.9013397" lon="138.0855773"><ele>2099.7433333333333</ele><time>2025-09-06T01:41:19Z</time></trkpt><trkpt lat="36.9015175" lon="138.0856657"><ele>2101.2533333333336</ele><time>2025-09-06T01:41:37Z</time></trkpt><trkpt lat="36.901697" lon="138.0857422"><ele>2101.4266666666667</ele><time>2025-09-06T01:41:55Z</time></trkpt><trkpt lat="36.9018863" lon="138.085746"><ele>2099.0533333333333</ele><time>2025-09-06T01:42:17Z</time></trkpt><trkpt lat="36.9020444" lon="138.085894"><ele>2096.6966666666667</ele><time>2025-09-06T01:42:40Z</time></trkpt><trkpt lat="36.9022237" lon="138.0860069"><ele>2094.4</ele><time>2025-09-06T01:43:29Z</time></trkpt><trkpt lat="36.902385" lon="138.0861129"><ele>2094.183333333334</ele><time>2025-09-06T01:44:02Z</time></trkpt><trkpt lat="36.9025738" lon="138.0861952"><ele>2092.883333333333</ele><time>2025-09-06T01:44:36Z</time></trkpt><trkpt lat="36.9027253" lon="138.0863277"><ele>2092.68</ele><time>2025-09-06T01:45:12Z</time></trkpt><trkpt lat="36.9028987" lon="138.0864352"><ele>2092.4166666666665</ele><time>2025-09-06T01:45:51Z</time></trkpt><trkpt lat="36.9030897" lon="138.0864382"><ele>2092.576666666667</ele><time>2025-09-06T01:46:30Z</time></trkpt><trkpt lat="36.9032698" lon="138.0865292"><ele>2092.1600000000003</ele><time>2025-09-06T01:47:03Z</time></trkpt><trkpt lat="36.9034616" lon="138.0865406"><ele>2091.5433333333335</ele><time>2025-09-06T01:47:39Z</time></trkpt><trkpt lat="36.9036723" lon="138.0865591"><ele>2092.72</ele><time>2025-09-06T01:48:30Z</time></trkpt><trkpt lat="36.9038734" lon="138.0865896"><ele>2093.36</ele><time>2025-09-06T01:49:09Z</time></trkpt><trkpt lat="36.9040664" lon="138.0866276"><ele>2093.7833333333333</ele><time>2025-09-06T01:49:39Z</time></trkpt><trkpt lat="36.9042509" lon="138.086656"><ele>2094.0933333333337</ele><time>2025-09-06T01:50:29Z</time></trkpt><trkpt lat="36.9044388" lon="138.0866722"><ele>2094.78</ele><time>2025-09-06T01:50:54Z</time></trkpt><trkpt lat="36.904626" lon="138.0866346"><ele>2094.3633333333332</ele><time>2025-09-06T01:51:17Z</time></trkpt><trkpt lat="36.9048152" lon="138.0866349"><ele>2092.5633333333335</ele><time>2025-09-06T01:51:42Z</time></trkpt><trkpt lat="36.904995" lon="138.0866509"><ele>2092.1133333333332</ele><time>2025-09-06T01:52:08Z</time></trkpt><trkpt lat="36.9051779" lon="138.0866872"><ele>2092.536666666667</ele><time>2025-09-06T01:52:32Z</time></trkpt><trkpt lat="36.9053748" lon="138.086746"><ele>2093.7400000000002</ele><time>2025-09-06T01:53:09Z</time></trkpt><trkpt lat="36.905554" lon="138.0868518"><ele>2094.33</ele><time>2025-09-06T01:53:47Z</time></trkpt><trkpt lat="36.9057122" lon="138.086976"><ele>2095.6066666666666</ele><time>2025-09-06T01:54:14Z</time></trkpt><trkpt lat="36.9059145" lon="138.0869931"><ele>2096.556666666667</ele><time>2025-09-06T01:54:48Z</time></trkpt><trkpt lat="36.906106" lon="138.08706"><ele>2096.5966666666664</ele><time>2025-09-06T01:55:15Z</time></trkpt><trkpt lat="36.9062635" lon="138.0871883"><ele>2097.536666666667</ele><time>2025-09-06T01:55:51Z</time></trkpt><trkpt lat="36.9064335" lon="138.0872866"><ele>2097.9266666666667</ele><time>2025-09-06T01:56:15Z</time></trkpt><trkpt lat="36.9066148" lon="138.0874417"><ele>2099.26</ele><time>2025-09-06T01:56:57Z</time></trkpt><trkpt lat="36.9067804" lon="138.087534"><ele>2099.896666666667</ele><time>2025-09-06T01:57:45Z</time></trkpt><trkpt lat="36.9069457" lon="138.0876391"><ele>2100.0633333333335</ele><time>2025-09-06T01:58:05Z</time></trkpt><trkpt lat="36.9070714" lon="138.0878044"><ele>2100.9866666666667</ele><time>2025-09-06T01:58:39Z</time></trkpt><trkpt lat="36.9072424" lon="138.0879495"><ele>2101.1</ele><time>2025-09-06T01:59:27Z</time></trkpt><trkpt lat="36.9074323" lon="138.087924"><ele>2100.3933333333334</ele><time>2025-09-06T02:00:09Z</time></trkpt><trkpt lat="36.9076407" lon="138.0879346"><ele>2098.0733333333333</ele><time>2025-09-06T02:00:36Z</time></trkpt><trkpt lat="36.907837" lon="138.0879529"><ele>2095.92</ele><time>2025-09-06T02:00:54Z</time></trkpt><trkpt lat="36.9080183" lon="138.0879702"><ele>2095.183333333333</ele><time>2025-09-06T02:01:48Z</time></trkpt><trkpt lat="36.9081771" lon="138.0878221"><ele>2094.5033333333336</ele><time>2025-09-06T02:02:12Z</time></trkpt><trkpt lat="36.9082944" lon="138.0876264"><ele>2094.2599999999998</ele><time>2025-09-06T02:02:36Z</time></trkpt><trkpt lat="36.9083954" lon="138.0874235"><ele>2095.06</ele><time>2025-09-06T02:03:06Z</time></trkpt><trkpt lat="36.908495" lon="138.0872176"><ele>2096.2966666666666</ele><time>2025-09-06T02:03:33Z</time></trkpt><trkpt lat="36.9085755" lon="138.0869869"><ele>2097.63</ele><time>2025-09-06T02:04:05Z</time></trkpt><trkpt lat="36.9086318" lon="138.0867595"><ele>2098.1433333333334</ele><time>2025-09-06T02:04:32Z</time></trkpt><trkpt lat="36.9086808" lon="138.0865166"><ele>2098.976666666667</ele><time>2025-09-06T02:04:54Z</time></trkpt><trkpt lat="36.9087335" lon="138.0863005"><ele>2100.27</ele><time>2025-09-06T02:05:17Z</time></trkpt><trkpt lat="36.9087459" lon="138.0860585"><ele>2101.4333333333334</ele><time>2025-09-06T02:05:47Z</time></trkpt><trkpt lat="36.9088285" lon="138.0858574"><ele>2102.5433333333335</ele><time>2025-09-06T02:06:08Z</time></trkpt><trkpt lat="36.9089063" lon="138.085644"><ele>2103.616666666667</ele><time>2025-09-06T02:06:32Z</time></trkpt><trkpt lat="36.9089279" lon="138.0854018"><ele>2104.07</ele><time>2025-09-06T02:06:56Z</time></trkpt><trkpt lat="36.9090332" lon="138.0852093"><ele>2104.316666666667</ele><time>2025-09-06T02:07:17Z</time></trkpt><trkpt lat="36.9091715" lon="138.0850409"><ele>2104.22</ele><time>2025-09-06T02:07:38Z</time></trkpt><trkpt lat="36.9093228" lon="138.0848739"><ele>2104.9133333333334</ele><time>2025-09-06T02:07:58Z</time></trkpt><trkpt lat="36.9094624" lon="138.0846942"><ele>2105.28</ele><time>2025-09-06T02:08:16Z</time></trkpt><trkpt lat="36.9096353" lon="138.0847985"><ele>2105.67</ele><time>2025-09-06T02:25:13Z</time></trkpt><trkpt lat="36.9098258" lon="138.0848884"><ele>2105.726666666667</ele><time>2025-09-06T02:25:34Z</time></trkpt><trkpt lat="36.9100218" lon="138.0849092"><ele>2105.58</ele><time>2025-09-06T02:25:55Z</time></trkpt><trkpt lat="36.9101939" lon="138.0849949"><ele>2105.1433333333334</ele><time>2025-09-06T02:26:16Z</time></trkpt><trkpt lat="36.9103751" lon="138.0850016"><ele>2104.8799999999997</ele><time>2025-09-06T02:26:36Z</time></trkpt><trkpt lat="36.9105619" lon="138.0849653"><ele>2105.2700000000004</ele><time>2025-09-06T02:26:57Z</time></trkpt><trkpt lat="36.9105768" lon="138.0847225"><ele>2105.4466666666667</ele><time>2025-09-06T02:27:19Z</time></trkpt><trkpt lat="36.9105421" lon="138.0844809"><ele>2105.48</ele><time>2025-09-06T02:27:39Z</time></trkpt><trkpt lat="36.9105914" lon="138.0842469"><ele>2105.23</ele><time>2025-09-06T02:28:00Z</time></trkpt><trkpt lat="36.9106618" lon="138.0839956"><ele>2105.1766666666667</ele><time>2025-09-06T02:28:20Z</time></trkpt><trkpt lat="36.9107549" lon="138.0837718"><ele>2105.3233333333337</ele><time>2025-09-06T02:29:14Z</time></trkpt><trkpt lat="36.9108741" lon="138.0835575"><ele>2106.226666666667</ele><time>2025-09-06T02:29:35Z</time></trkpt><trkpt lat="36.9109789" lon="138.0833547"><ele>2108.4233333333336</ele><time>2025-09-06T02:30:23Z</time></trkpt><trkpt lat="36.9111223" lon="138.0832137"><ele>2111.9366666666665</ele><time>2025-09-06T02:31:11Z</time></trkpt><trkpt lat="36.9112466" lon="138.0830285"><ele>2116.7066666666665</ele><time>2025-09-06T02:32:11Z</time></trkpt><trkpt lat="36.9112929" lon="138.0828115"><ele>2120.7200000000003</ele><time>2025-09-06T02:32:53Z</time></trkpt><trkpt lat="36.9113856" lon="138.0825945"><ele>2125.0733333333333</ele><time>2025-09-06T02:33:53Z</time></trkpt><trkpt lat="36.9114853" lon="138.0823933"><ele>2128.0499999999997</ele><time>2025-09-06T02:34:27Z</time></trkpt><trkpt lat="36.9116394" lon="138.0822307"><ele>2131.1733333333336</ele><time>2025-09-06T02:34:53Z</time></trkpt><trkpt lat="36.9118185" lon="138.0821087"><ele>2132.763333333333</ele><time>2025-09-06T02:35:14Z</time></trkpt><trkpt lat="36.9119672" lon="138.0819581"><ele>2134.3333333333335</ele><time>2025-09-06T02:35:32Z</time></trkpt><trkpt lat="36.9120509" lon="138.0817592"><ele>2135.5433333333335</ele><time>2025-09-06T02:35:54Z</time></trkpt><trkpt lat="36.9121688" lon="138.0815499"><ele>2136.633333333333</ele><time>2025-09-06T02:36:15Z</time></trkpt><trkpt lat="36.912268" lon="138.0813316"><ele>2137.266666666667</ele><time>2025-09-06T02:36:39Z</time></trkpt><trkpt lat="36.9123999" lon="138.0811752"><ele>2137.9233333333336</ele><time>2025-09-06T02:36:57Z</time></trkpt><trkpt lat="36.9125651" lon="138.0810498"><ele>2138.263333333334</ele><time>2025-09-06T02:37:33Z</time></trkpt><trkpt lat="36.9128344" lon="138.0808277"><ele>2138.11</ele><time>2025-09-06T02:38:07Z</time></trkpt><trkpt lat="36.9130341" lon="138.0807728"><ele>2137.2766666666666</ele><time>2025-09-06T02:38:25Z</time></trkpt><trkpt lat="36.9132099" lon="138.0806872"><ele>2136.2666666666664</ele><time>2025-09-06T02:38:43Z</time></trkpt><trkpt lat="36.9133781" lon="138.0805476"><ele>2134.6766666666667</ele><time>2025-09-06T02:39:01Z</time></trkpt><trkpt lat="36.9135627" lon="138.0804513"><ele>2132.9900000000002</ele><time>2025-09-06T02:39:43Z</time></trkpt><trkpt lat="36.913728" lon="138.0803426"><ele>2131.1</ele><time>2025-09-06T02:40:03Z</time></trkpt><trkpt lat="36.9137995" lon="138.0801258"><ele>2129.126666666667</ele><time>2025-09-06T02:40:22Z</time></trkpt><trkpt lat="36.9139648" lon="138.0800027"><ele>2126.3133333333335</ele><time>2025-09-06T02:41:03Z</time></trkpt><trkpt lat="36.9141605" lon="138.0799584"><ele>2123.11</ele><time>2025-09-06T02:41:50Z</time></trkpt><trkpt lat="36.9143463" lon="138.0800266"><ele>2119.98</ele><time>2025-09-06T02:42:15Z</time></trkpt><trkpt lat="36.9144824" lon="138.0801968"><ele>2117.6633333333334</ele><time>2025-09-06T02:43:16Z</time></trkpt><trkpt lat="36.9145753" lon="138.0804261"><ele>2116.026666666667</ele><time>2025-09-06T02:43:33Z</time></trkpt><trkpt lat="36.9146338" lon="138.0806705"><ele>2115.1366666666668</ele><time>2025-09-06T02:43:51Z</time></trkpt><trkpt lat="36.9147957" lon="138.0808066"><ele>2114.706666666667</ele><time>2025-09-06T02:44:19Z</time></trkpt><trkpt lat="36.9149797" lon="138.080855"><ele>2114.6233333333334</ele><time>2025-09-06T02:44:36Z</time></trkpt><trkpt lat="36.9151829" lon="138.0808394"><ele>2114.556666666667</ele><time>2025-09-06T02:44:53Z</time></trkpt><trkpt lat="36.9153551" lon="138.0809918"><ele>2114.65</ele><time>2025-09-06T02:45:11Z</time></trkpt><trkpt lat="36.9155458" lon="138.0811049"><ele>2114.89</ele><time>2025-09-06T02:45:28Z</time></trkpt><trkpt lat="36.9157145" lon="138.0812193"><ele>2115.463333333333</ele><time>2025-09-06T02:45:46Z</time></trkpt><trkpt lat="36.915882" lon="138.0813436"><ele>2116.4866666666667</ele><time>2025-09-06T02:46:04Z</time></trkpt><trkpt lat="36.916046" lon="138.0814999"><ele>2117.9533333333334</ele><time>2025-09-06T02:46:25Z</time></trkpt><trkpt lat="36.916182" lon="138.0816625"><ele>2119.816666666667</ele><time>2025-09-06T02:46:43Z</time></trkpt><trkpt lat="36.9163672" lon="138.0816308"><ele>2122.116666666667</ele><time>2025-09-06T02:47:13Z</time></trkpt><trkpt lat="36.9165321" lon="138.0815385"><ele>2124.3833333333337</ele><time>2025-09-06T02:47:31Z</time></trkpt><trkpt lat="36.9166945" lon="138.0814401"><ele>2127.346666666667</ele><time>2025-09-06T02:48:03Z</time></trkpt><trkpt lat="36.9168179" lon="138.0812608"><ele>2130.13</ele><time>2025-09-06T02:48:43Z</time></trkpt><trkpt lat="36.9169722" lon="138.0811198"><ele>2134.83</ele><time>2025-09-06T02:49:28Z</time></trkpt><trkpt lat="36.9171498" lon="138.0810469"><ele>2139.5433333333335</ele><time>2025-09-06T02:50:10Z</time></trkpt><trkpt lat="36.917321" lon="138.0809535"><ele>2145.0133333333333</ele><time>2025-09-06T02:50:57Z</time></trkpt><trkpt lat="36.917473" lon="138.0808238"><ele>2148.693333333333</ele><time>2025-09-06T02:51:22Z</time></trkpt><trkpt lat="36.9176244" lon="138.0807007"><ele>2150.64</ele><time>2025-09-06T02:51:40Z</time></trkpt><trkpt lat="36.9177926" lon="138.080607"><ele>2152.58</ele><time>2025-09-06T02:52:04Z</time></trkpt><trkpt lat="36.9179599" lon="138.080459"><ele>2154.523333333333</ele><time>2025-09-06T02:52:31Z</time></trkpt><trkpt lat="36.9181415" lon="138.0804504"><ele>2158.9466666666667</ele><time>2025-09-06T02:53:25Z</time></trkpt><trkpt lat="36.9183282" lon="138.0804523"><ele>2163.75</ele><time>2025-09-06T02:54:37Z</time></trkpt><trkpt lat="36.9184983" lon="138.0803294"><ele>2168.4533333333334</ele><time>2025-09-06T02:55:01Z</time></trkpt><trkpt lat="36.9186324" lon="138.0801729"><ele>2171.2599999999998</ele><time>2025-09-06T02:57:04Z</time></trkpt><trkpt lat="36.9187821" lon="138.0800267"><ele>2173.4466666666667</ele><time>2025-09-06T02:57:58Z</time></trkpt><trkpt lat="36.9188973" lon="138.0798539"><ele>2176.9266666666667</ele><time>2025-09-06T02:58:31Z</time></trkpt><trkpt lat="36.919077" lon="138.079766"><ele>2181.4133333333334</ele><time>2025-09-06T02:59:07Z</time></trkpt><trkpt lat="36.9192276" lon="138.0796311"><ele>2186.2433333333333</ele><time>2025-09-06T02:59:43Z</time></trkpt><trkpt lat="36.9193323" lon="138.0794442"><ele>2189.59</ele><time>2025-09-06T03:00:07Z</time></trkpt><trkpt lat="36.9194215" lon="138.0792257"><ele>2192.6766666666667</ele><time>2025-09-06T03:00:31Z</time></trkpt><trkpt lat="36.919521" lon="138.0790328"><ele>2195.01</ele><time>2025-09-06T03:01:58Z</time></trkpt><trkpt lat="36.9196493" lon="138.0788382"><ele>2199.766666666667</ele><time>2025-09-06T03:03:13Z</time></trkpt><trkpt lat="36.919786" lon="138.0786812"><ele>2204.0533333333337</ele><time>2025-09-06T03:03:58Z</time></trkpt><trkpt lat="36.919886" lon="138.0784703"><ele>2209.4900000000002</ele><time>2025-09-06T03:04:28Z</time></trkpt><trkpt lat="36.9200563" lon="138.0783069"><ele>2215.786666666667</ele><time>2025-09-06T03:06:49Z</time></trkpt><trkpt lat="36.9201725" lon="138.0781243"><ele>2223.9733333333334</ele><time>2025-09-06T03:07:46Z</time></trkpt><trkpt lat="36.9203137" lon="138.0779845"><ele>2231.5333333333333</ele><time>2025-09-06T03:09:32Z</time></trkpt><trkpt lat="36.9204853" lon="138.0778809"><ele>2240.2633333333333</ele><time>2025-09-06T03:10:26Z</time></trkpt><trkpt lat="36.9206654" lon="138.0778412"><ele>2249.646666666667</ele><time>2025-09-06T03:11:17Z</time></trkpt><trkpt lat="36.9208599" lon="138.0778402"><ele>2258.76</ele><time>2025-09-06T03:12:20Z</time></trkpt><trkpt lat="36.9210423" lon="138.0778051"><ele>2264.7066666666665</ele><time>2025-09-06T03:13:08Z</time></trkpt><trkpt lat="36.9212197" lon="138.0777138"><ele>2270.8733333333334</ele><time>2025-09-06T03:14:05Z</time></trkpt><trkpt lat="36.9213017" lon="138.0775037"><ele>2277.33</ele><time>2025-09-06T03:14:38Z</time></trkpt><trkpt lat="36.9212213" lon="138.0772938"><ele>2283.0033333333336</ele><time>2025-09-06T03:19:59Z</time></trkpt><trkpt lat="36.921225" lon="138.0770597"><ele>2288.0466666666666</ele><time>2025-09-06T03:21:05Z</time></trkpt><trkpt lat="36.9212395" lon="138.0768279"><ele>2293.646666666667</ele><time>2025-09-06T03:21:44Z</time></trkpt><trkpt lat="36.9212963" lon="138.0766073"><ele>2298.013333333334</ele><time>2025-09-06T03:22:14Z</time></trkpt><trkpt lat="36.9213189" lon="138.076366"><ele>2300.3033333333333</ele><time>2025-09-06T03:22:35Z</time></trkpt><trkpt lat="36.9213244" lon="138.076107"><ele>2301.0400000000004</ele><time>2025-09-06T03:22:56Z</time></trkpt><trkpt lat="36.9213842" lon="138.0758918"><ele>2302.266666666667</ele><time>2025-09-06T03:23:14Z</time></trkpt><trkpt lat="36.9214487" lon="138.0756768"><ele>2302.76</ele><time>2025-09-06T03:23:47Z</time></trkpt><trkpt lat="36.9215081" lon="138.0754533"><ele>2304.0633333333335</ele><time>2025-09-06T03:24:11Z</time></trkpt><trkpt lat="36.9216269" lon="138.0752587"><ele>2303.023333333333</ele><time>2025-09-06T03:24:32Z</time></trkpt><trkpt lat="36.9217069" lon="138.0750411"><ele>2302.03</ele><time>2025-09-06T03:24:50Z</time></trkpt><trkpt lat="36.9217673" lon="138.074814"><ele>2298.92</ele><time>2025-09-06T03:25:17Z</time></trkpt><trkpt lat="36.9218339" lon="138.0745643"><ele>2297.103333333334</ele><time>2025-09-06T03:25:44Z</time></trkpt><trkpt lat="36.9218815" lon="138.0743267"><ele>2296.3866666666668</ele><time>2025-09-06T03:26:20Z</time></trkpt><trkpt lat="36.9218788" lon="138.0740731"><ele>2298.0266666666666</ele><time>2025-09-06T03:26:37Z</time></trkpt><trkpt lat="36.9219307" lon="138.0738519"><ele>2301.86</ele><time>2025-09-06T03:27:32Z</time></trkpt><trkpt lat="36.9220186" lon="138.0736522"><ele>2305.7766666666666</ele><time>2025-09-06T03:28:08Z</time></trkpt><trkpt lat="36.9221108" lon="138.0734459"><ele>2307.3866666666668</ele><time>2025-09-06T03:28:41Z</time></trkpt><trkpt lat="36.9222264" lon="138.0732501"><ele>2309.56</ele><time>2025-09-06T03:29:08Z</time></trkpt><trkpt lat="36.9223395" lon="138.0730637"><ele>2311.353333333333</ele><time>2025-09-06T03:29:32Z</time></trkpt><trkpt lat="36.9224518" lon="138.0728778"><ele>2313.956666666667</ele><time>2025-09-06T03:29:56Z</time></trkpt><trkpt lat="36.9225375" lon="138.0726473"><ele>2314.7599999999998</ele><time>2025-09-06T03:30:14Z</time></trkpt><trkpt lat="36.9225755" lon="138.0724274"><ele>2315.7433333333333</ele><time>2025-09-06T03:30:41Z</time></trkpt><trkpt lat="36.9226066" lon="138.0721844"><ele>2316.68</ele><time>2025-09-06T03:31:14Z</time></trkpt><trkpt lat="36.9226221" lon="138.0719472"><ele>2318.9366666666665</ele><time>2025-09-06T03:31:43Z</time></trkpt><trkpt lat="36.9226742" lon="138.071712"><ele>2320.2999999999997</ele><time>2025-09-06T03:32:06Z</time></trkpt><trkpt lat="36.9226071" lon="138.0714705"><ele>2325.3633333333332</ele><time>2025-09-06T03:32:59Z</time></trkpt><trkpt lat="36.9225858" lon="138.0712291"><ele>2330.226666666667</ele><time>2025-09-06T03:33:41Z</time></trkpt><trkpt lat="36.9225234" lon="138.0710178"><ele>2336.3166666666666</ele><time>2025-09-06T03:35:02Z</time></trkpt><trkpt lat="36.9225034" lon="138.0707896"><ele>2338.9700000000003</ele><time>2025-09-06T03:36:02Z</time></trkpt><trkpt lat="36.922677" lon="138.0707138"><ele>2345.01</ele><time>2025-09-06T03:36:56Z</time></trkpt><trkpt lat="36.9226081" lon="138.0704919"><ele>2350.8433333333332</ele><time>2025-09-06T03:37:59Z</time></trkpt><trkpt lat="36.9226198" lon="138.0702676"><ele>2358.1433333333334</ele><time>2025-09-06T03:39:02Z</time></trkpt><trkpt lat="36.922783" lon="138.0701415"><ele>2364.2533333333336</ele><time>2025-09-06T03:40:05Z</time></trkpt><trkpt lat="36.9229188" lon="138.069974"><ele>2373.4</ele><time>2025-09-06T03:41:05Z</time></trkpt><trkpt lat="36.9230453" lon="138.0698024"><ele>2386.2533333333336</ele><time>2025-09-06T03:42:32Z</time></trkpt><trkpt lat="36.9231549" lon="138.0696031"><ele>2398.29</ele><time>2025-09-06T03:43:17Z</time></trkpt><trkpt lat="36.923259" lon="138.0694145"><ele>2408.4</ele><time>2025-09-06T03:44:08Z</time></trkpt><trkpt lat="36.9232898" lon="138.0691814"><ele>2416.126666666667</ele><time>2025-09-06T03:44:50Z</time></trkpt><trkpt lat="36.9231416" lon="138.0690535"><ele>2421.903333333333</ele><time>2025-09-06T03:45:26Z</time></trkpt><trkpt lat="36.9229954" lon="138.0689099"><ele>2427.28</ele><time>2025-09-06T03:46:17Z</time></trkpt><trkpt lat="36.9228764" lon="138.068726"><ele>2432.483333333333</ele><time>2025-09-06T03:47:08Z</time></trkpt><trkpt lat="36.9228215" lon="138.0685088"><ele>2441.3433333333332</ele><time>2025-09-06T03:47:50Z</time></trkpt><trkpt lat="36.9227914" lon="138.068281"><ele>2450.6</ele><time>2025-09-06T03:48:47Z</time></trkpt><trkpt lat="36.9227538" lon="138.0680613"><ele>2457.0433333333335</ele><time>2025-09-06T03:49:35Z</time></trkpt><trkpt lat="36.9226012" lon="138.067914"><ele>2459.4</ele><time>2025-09-06T04:07:01Z</time></trkpt><trkpt lat="36.9224932" lon="138.0677176"><ele>2457.733333333333</ele><time>2025-09-06T04:07:34Z</time></trkpt><trkpt lat="36.9224398" lon="138.0674983"><ele>2454.5466666666666</ele><time>2025-09-06T04:08:04Z</time></trkpt><trkpt lat="36.9223675" lon="138.067274"><ele>2447.9500000000003</ele><time>2025-09-06T04:10:06Z</time></trkpt><trkpt lat="36.9223577" lon="138.0670414"><ele>2439.193333333333</ele><time>2025-09-06T04:10:30Z</time></trkpt><trkpt lat="36.9223152" lon="138.0668231"><ele>2430.1666666666665</ele><time>2025-09-06T04:10:55Z</time></trkpt><trkpt lat="36.9223145" lon="138.0665899"><ele>2421.956666666667</ele><time>2025-09-06T04:12:05Z</time></trkpt><trkpt lat="36.9222146" lon="138.0663788"><ele>2416.7033333333334</ele><time>2025-09-06T04:12:29Z</time></trkpt><trkpt lat="36.9221645" lon="138.0661409"><ele>2411.61</ele><time>2025-09-06T04:12:56Z</time></trkpt><trkpt lat="36.9221143" lon="138.0659037"><ele>2406.5699999999997</ele><time>2025-09-06T04:13:45Z</time></trkpt><trkpt lat="36.9220545" lon="138.0656718"><ele>2399.8366666666666</ele><time>2025-09-06T04:14:20Z</time></trkpt><trkpt lat="36.9218837" lon="138.0655688"><ele>2393.0266666666666</ele><time>2025-09-06T04:14:51Z</time></trkpt><trkpt lat="36.9218375" lon="138.0653346"><ele>2387.38</ele><time>2025-09-06T04:15:24Z</time></trkpt><trkpt lat="36.921817" lon="138.0650902"><ele>2383.4566666666665</ele><time>2025-09-06T04:15:45Z</time></trkpt><trkpt lat="36.9217761" lon="138.0648566"><ele>2379.596666666667</ele><time>2025-09-06T04:16:06Z</time></trkpt><trkpt lat="36.9217135" lon="138.0646364"><ele>2374.5666666666666</ele><time>2025-09-06T04:16:33Z</time></trkpt><trkpt lat="36.9216012" lon="138.0644425"><ele>2369.3933333333334</ele><time>2025-09-06T04:17:15Z</time></trkpt><trkpt lat="36.9214853" lon="138.0642582"><ele>2364.2866666666664</ele><time>2025-09-06T04:17:51Z</time></trkpt><trkpt lat="36.921341" lon="138.0641159"><ele>2359.58</ele><time>2025-09-06T04:18:09Z</time></trkpt><trkpt lat="36.9211912" lon="138.0639457"><ele>2354.8633333333332</ele><time>2025-09-06T04:18:30Z</time></trkpt><trkpt lat="36.9211097" lon="138.063739"><ele>2350.51</ele><time>2025-09-06T04:18:48Z</time></trkpt><trkpt lat="36.9210668" lon="138.0635112"><ele>2348.98</ele><time>2025-09-06T04:19:27Z</time></trkpt><trkpt lat="36.921007" lon="138.0632959"><ele>2350.7999999999997</ele><time>2025-09-06T04:20:18Z</time></trkpt><trkpt lat="36.9209062" lon="138.063095"><ele>2354.7233333333334</ele><time>2025-09-06T04:21:00Z</time></trkpt><trkpt lat="36.9207866" lon="138.0629119"><ele>2360.26</ele><time>2025-09-06T04:21:42Z</time></trkpt><trkpt lat="36.92069" lon="138.0627133"><ele>2365.236666666667</ele><time>2025-09-06T04:23:20Z</time></trkpt><trkpt lat="36.9205675" lon="138.0625052"><ele>2371.556666666667</ele><time>2025-09-06T04:23:44Z</time></trkpt><trkpt lat="36.9205263" lon="138.0622727"><ele>2376.1266666666666</ele><time>2025-09-06T04:24:08Z</time></trkpt><trkpt lat="36.9205328" lon="138.0620325"><ele>2377.9133333333334</ele><time>2025-09-06T04:24:29Z</time></trkpt><trkpt lat="36.9205798" lon="138.0617805"><ele>2378.546666666667</ele><time>2025-09-06T04:25:12Z</time></trkpt><trkpt lat="36.9204847" lon="138.06156"><ele>2379.116666666667</ele><time>2025-09-06T04:25:32Z</time></trkpt><trkpt lat="36.920586" lon="138.0613473"><ele>2380.73</ele><time>2025-09-06T04:25:50Z</time></trkpt><trkpt lat="36.9206059" lon="138.0610968"><ele>2380.693333333333</ele><time>2025-09-06T04:26:39Z</time></trkpt><trkpt lat="36.9205318" lon="138.0608778"><ele>2379.9500000000003</ele><time>2025-09-06T04:27:06Z</time></trkpt><trkpt lat="36.9205214" lon="138.0606337"><ele>2379.47</ele><time>2025-09-06T04:27:36Z</time></trkpt><trkpt lat="36.9205261" lon="138.0603902"><ele>2379.54</ele><time>2025-09-06T04:28:00Z</time></trkpt><trkpt lat="36.9205572" lon="138.060086"><ele>2376.6299999999997</ele><time>2025-09-06T04:29:18Z</time></trkpt><trkpt lat="36.9205464" lon="138.0598365"><ele>2372.3733333333334</ele><time>2025-09-06T04:29:36Z</time></trkpt><trkpt lat="36.9204449" lon="138.0596341"><ele>2371.273333333333</ele><time>2025-09-06T04:30:39Z</time></trkpt><trkpt lat="36.9203813" lon="138.0593911"><ele>2373.6133333333332</ele><time>2025-09-06T04:31:16Z</time></trkpt><trkpt lat="36.9204151" lon="138.0591381"><ele>2374.34</ele><time>2025-09-06T04:31:58Z</time></trkpt><trkpt lat="36.9205313" lon="138.0589242"><ele>2368.0033333333336</ele><time>2025-09-06T04:32:46Z</time></trkpt><trkpt lat="36.9205803" lon="138.058703"><ele>2360.35</ele><time>2025-09-06T04:33:15Z</time></trkpt><trkpt lat="36.9206385" lon="138.0584792"><ele>2353.126666666667</ele><time>2025-09-06T04:34:28Z</time></trkpt><trkpt lat="36.9207041" lon="138.0582568"><ele>2345.8466666666664</ele><time>2025-09-06T04:35:22Z</time></trkpt><trkpt lat="36.9207869" lon="138.0580406"><ele>2340.52</ele><time>2025-09-06T04:35:58Z</time></trkpt><trkpt lat="36.9208187" lon="138.0578183"><ele>2339.2033333333334</ele><time>2025-09-06T04:36:21Z</time></trkpt><trkpt lat="36.9208544" lon="138.0575819"><ele>2344.016666666667</ele><time>2025-09-06T04:36:52Z</time></trkpt><trkpt lat="36.9209113" lon="138.0573594"><ele>2348.193333333333</ele><time>2025-09-06T04:37:25Z</time></trkpt><trkpt lat="36.9209763" lon="138.0571137"><ele>2350.82</ele><time>2025-09-06T04:38:01Z</time></trkpt><trkpt lat="36.920996" lon="138.0568701"><ele>2350.916666666667</ele><time>2025-09-06T04:38:24Z</time></trkpt><trkpt lat="36.9210386" lon="138.0566519"><ele>2347.59</ele><time>2025-09-06T04:39:34Z</time></trkpt><trkpt lat="36.921141" lon="138.0564665"><ele>2340.77</ele><time>2025-09-06T04:41:04Z</time></trkpt><trkpt lat="36.9212134" lon="138.0562569"><ele>2331.456666666667</ele><time>2025-09-06T04:41:37Z</time></trkpt><trkpt lat="36.9213038" lon="138.0560505"><ele>2320.9133333333334</ele><time>2025-09-06T04:42:25Z</time></trkpt><trkpt lat="36.9212657" lon="138.0558222"><ele>2311.69</ele><time>2025-09-06T04:43:09Z</time></trkpt><trkpt lat="36.921329" lon="138.0555856"><ele>2302.2933333333335</ele><time>2025-09-06T04:43:52Z</time></trkpt><trkpt lat="36.9213606" lon="138.0553625"><ele>2293.633333333333</ele><time>2025-09-06T04:45:04Z</time></trkpt><trkpt lat="36.9213359" lon="138.0551383"><ele>2285.646666666667</ele><time>2025-09-06T04:45:39Z</time></trkpt><trkpt lat="36.9214308" lon="138.0549371"><ele>2277.996666666667</ele><time>2025-09-06T04:46:22Z</time></trkpt><trkpt lat="36.9215109" lon="138.0547341"><ele>2271.0366666666664</ele><time>2025-09-06T04:46:49Z</time></trkpt><trkpt lat="36.9215788" lon="138.0545182"><ele>2260.0433333333335</ele><time>2025-09-06T04:47:42Z</time></trkpt><trkpt lat="36.9215537" lon="138.0542716"><ele>2250.7433333333333</ele><time>2025-09-06T04:49:06Z</time></trkpt><trkpt lat="36.9215359" lon="138.0540328"><ele>2242.0233333333335</ele><time>2025-09-06T04:49:42Z</time></trkpt><trkpt lat="36.9215988" lon="138.0538181"><ele>2234.9133333333334</ele><time>2025-09-06T04:50:15Z</time></trkpt><trkpt lat="36.9216102" lon="138.0535687"><ele>2225.1</ele><time>2025-09-06T04:50:39Z</time></trkpt><trkpt lat="36.9216392" lon="138.0533013"><ele>2216.396666666667</ele><time>2025-09-06T04:51:06Z</time></trkpt><trkpt lat="36.9216414" lon="138.0530685"><ele>2210.9933333333333</ele><time>2025-09-06T04:51:24Z</time></trkpt><trkpt lat="36.9215307" lon="138.0528795"><ele>2205.73</ele><time>2025-09-06T04:52:09Z</time></trkpt><trkpt lat="36.921486" lon="138.0526354"><ele>2199.273333333333</ele><time>2025-09-06T04:52:42Z</time></trkpt><trkpt lat="36.9214314" lon="138.0524127"><ele>2193.4599999999996</ele><time>2025-09-06T04:53:00Z</time></trkpt><trkpt lat="36.921331" lon="138.052191"><ele>2188.53</ele><time>2025-09-06T04:53:24Z</time></trkpt><trkpt lat="36.9213224" lon="138.0519579"><ele>2184.19</ele><time>2025-09-06T04:54:15Z</time></trkpt><trkpt lat="36.9213105" lon="138.0517326"><ele>2174.566666666667</ele><time>2025-09-06T04:55:48Z</time></trkpt><trkpt lat="36.9213082" lon="138.0514958"><ele>2161.9566666666665</ele><time>2025-09-06T04:56:45Z</time></trkpt><trkpt lat="36.9213283" lon="138.0512646"><ele>2149.0333333333333</ele><time>2025-09-06T04:59:24Z</time></trkpt><trkpt lat="36.9212302" lon="138.0510501"><ele>2139.9500000000003</ele><time>2025-09-06T04:59:57Z</time></trkpt><trkpt lat="36.92123" lon="138.0508238"><ele>2134.86</ele><time>2025-09-06T05:00:27Z</time></trkpt><trkpt lat="36.9212182" lon="138.050589"><ele>2125.726666666667</ele><time>2025-09-06T05:01:45Z</time></trkpt><trkpt lat="36.9211287" lon="138.0503795"><ele>2116.2466666666664</ele><time>2025-09-06T05:03:18Z</time></trkpt><trkpt lat="36.9209852" lon="138.0502434"><ele>2105.773333333333</ele><time>2025-09-06T05:04:39Z</time></trkpt><trkpt lat="36.9208619" lon="138.050073"><ele>2094.796666666667</ele><time>2025-09-06T05:05:48Z</time></trkpt><trkpt lat="36.9207995" lon="138.04986"><ele>2081.5533333333333</ele><time>2025-09-06T05:06:24Z</time></trkpt><trkpt lat="36.9208733" lon="138.0496376"><ele>2069.7566666666667</ele><time>2025-09-06T05:06:51Z</time></trkpt><trkpt lat="36.9209492" lon="138.0494237"><ele>2063.4066666666663</ele><time>2025-09-06T05:07:15Z</time></trkpt><trkpt lat="36.920968" lon="138.0491972"><ele>2059.15</ele><time>2025-09-06T05:07:54Z</time></trkpt><trkpt lat="36.9208467" lon="138.0490217"><ele>2054.5366666666664</ele><time>2025-09-06T05:09:51Z</time></trkpt><trkpt lat="36.9207518" lon="138.0488264"><ele>2047.6433333333334</ele><time>2025-09-06T05:11:18Z</time></trkpt><trkpt lat="36.9206261" lon="138.0486509"><ele>2040.22</ele><time>2025-09-06T05:12:30Z</time></trkpt><trkpt lat="36.9204981" lon="138.0484745"><ele>2031.5266666666666</ele><time>2025-09-06T05:13:36Z</time></trkpt><trkpt lat="36.920357" lon="138.0483162"><ele>2023.256666666667</ele><time>2025-09-06T05:14:18Z</time></trkpt><trkpt lat="36.9202457" lon="138.0481343"><ele>2015.3500000000001</ele><time>2025-09-06T05:14:42Z</time></trkpt><trkpt lat="36.9201279" lon="138.0479489"><ele>2009.3766666666668</ele><time>2025-09-06T05:15:18Z</time></trkpt><trkpt lat="36.9200432" lon="138.0477331"><ele>2005.4433333333334</ele><time>2025-09-06T05:16:03Z</time></trkpt><trkpt lat="36.9199646" lon="138.0475281"><ele>2003.5033333333333</ele><time>2025-09-06T05:17:09Z</time></trkpt><trkpt lat="36.9197966" lon="138.0474118"><ele>2002.3466666666666</ele><time>2025-09-06T05:19:03Z</time></trkpt><trkpt lat="36.9196493" lon="138.0472432"><ele>2002.41</ele><time>2025-09-06T05:19:30Z</time></trkpt><trkpt lat="36.9195368" lon="138.0470503"><ele>2002.7699999999998</ele><time>2025-09-06T05:19:57Z</time></trkpt><trkpt lat="36.9194702" lon="138.0468219"><ele>2003.3766666666668</ele><time>2025-09-06T05:20:33Z</time></trkpt><trkpt lat="36.919532" lon="138.0465894"><ele>2003.4800000000002</ele><time>2025-09-06T05:20:57Z</time></trkpt><trkpt lat="36.9196338" lon="138.046403"><ele>2004.78</ele><time>2025-09-06T05:21:24Z</time></trkpt><trkpt lat="36.9196726" lon="138.0461777"><ele>2006.6866666666667</ele><time>2025-09-06T05:21:45Z</time></trkpt><trkpt lat="36.9196521" lon="138.0459292"><ele>2009.0233333333333</ele><time>2025-09-06T05:22:06Z</time></trkpt><trkpt lat="36.9196833" lon="138.0456939"><ele>2011.0366666666669</ele><time>2025-09-06T05:22:42Z</time></trkpt><trkpt lat="36.9197207" lon="138.0454637"><ele>2013.0333333333335</ele><time>2025-09-06T05:23:21Z</time></trkpt><trkpt lat="36.9197819" lon="138.0452432"><ele>2015.3533333333335</ele><time>2025-09-06T05:24:18Z</time></trkpt><trkpt lat="36.9198479" lon="138.0450264"><ele>2017.42</ele><time>2025-09-06T05:25:18Z</time></trkpt><trkpt lat="36.9198523" lon="138.0447933"><ele>2020.1866666666667</ele><time>2025-09-06T05:26:06Z</time></trkpt><trkpt lat="36.9197838" lon="138.0445739"><ele>2023.0566666666666</ele><time>2025-09-06T05:26:51Z</time></trkpt><trkpt lat="36.9196729" lon="138.0443842"><ele>2026.8233333333335</ele><time>2025-09-06T05:27:27Z</time></trkpt><trkpt lat="36.9195547" lon="138.0442126"><ele>2029.9800000000002</ele><time>2025-09-06T05:35:15Z</time></trkpt><trkpt lat="36.9193658" lon="138.0441243"><ele>2032.8633333333335</ele><time>2025-09-06T05:39:43Z</time></trkpt><trkpt lat="36.9192338" lon="138.0439508"><ele>2034.2166666666665</ele><time>2025-09-06T05:40:01Z</time></trkpt><trkpt lat="36.919094" lon="138.0437768"><ele>2034.4233333333334</ele><time>2025-09-06T05:40:22Z</time></trkpt><trkpt lat="36.9188977" lon="138.0437611"><ele>2033.7300000000002</ele><time>2025-09-06T05:40:43Z</time></trkpt><trkpt lat="36.9187624" lon="138.0435809"><ele>2032.1200000000001</ele><time>2025-09-06T05:41:01Z</time></trkpt><trkpt lat="36.918754" lon="138.0433167"><ele>2029.9333333333334</ele><time>2025-09-06T05:41:22Z</time></trkpt><trkpt lat="36.9187383" lon="138.0430894"><ele>2027.2700000000002</ele><time>2025-09-06T05:41:40Z</time></trkpt><trkpt lat="36.9186789" lon="138.0428723"><ele>2024.8433333333335</ele><time>2025-09-06T05:41:55Z</time></trkpt><trkpt lat="36.9185728" lon="138.0426618"><ele>2023.5933333333335</ele><time>2025-09-06T05:42:13Z</time></trkpt><trkpt lat="36.9184806" lon="138.0424372"><ele>2025.17</ele><time>2025-09-06T05:42:34Z</time></trkpt><trkpt lat="36.9184025" lon="138.0422225"><ele>2027.9866666666667</ele><time>2025-09-06T05:42:58Z</time></trkpt><trkpt lat="36.9183532" lon="138.0420022"><ele>2031.2333333333336</ele><time>2025-09-06T05:43:25Z</time></trkpt><trkpt lat="36.9183454" lon="138.0417689"><ele>2033.2</ele><time>2025-09-06T05:43:55Z</time></trkpt><trkpt lat="36.91835" lon="138.041541"><ele>2036.4866666666667</ele><time>2025-09-06T05:44:28Z</time></trkpt><trkpt lat="36.9183262" lon="138.041305"><ele>2041.8999999999999</ele><time>2025-09-06T05:45:19Z</time></trkpt><trkpt lat="36.9182791" lon="138.0410879"><ele>2049.5333333333333</ele><time>2025-09-06T05:46:16Z</time></trkpt><trkpt lat="36.9183131" lon="138.0408622"><ele>2059.03</ele><time>2025-09-06T05:47:52Z</time></trkpt><trkpt lat="36.9183225" lon="138.0406339"><ele>2070.65</ele><time>2025-09-06T05:50:01Z</time></trkpt><trkpt lat="36.9183653" lon="138.0404112"><ele>2083.58</ele><time>2025-09-06T05:51:43Z</time></trkpt><trkpt lat="36.9185151" lon="138.0402854"><ele>2097.856666666667</ele><time>2025-09-06T05:53:25Z</time></trkpt><trkpt lat="36.9185252" lon="138.0400566"><ele>2109.4633333333336</ele><time>2025-09-06T05:55:37Z</time></trkpt><trkpt lat="36.9185465" lon="138.0398259"><ele>2123.976666666667</ele><time>2025-09-06T05:58:34Z</time></trkpt><trkpt lat="36.9187137" lon="138.0397414"><ele>2137.4633333333336</ele><time>2025-09-06T06:00:58Z</time></trkpt><trkpt lat="36.9188635" lon="138.0396047"><ele>2154.2466666666664</ele><time>2025-09-06T06:03:28Z</time></trkpt><trkpt lat="36.9190112" lon="138.0394565"><ele>2168.2033333333334</ele><time>2025-09-06T06:05:16Z</time></trkpt><trkpt lat="36.9191808" lon="138.0393791"><ele>2182.3700000000003</ele><time>2025-09-06T06:07:31Z</time></trkpt><trkpt lat="36.9193413" lon="138.0392649"><ele>2194.61</ele><time>2025-09-06T06:09:52Z</time></trkpt><trkpt lat="36.9194461" lon="138.0390685"><ele>2209.146666666667</ele><time>2025-09-06T06:12:31Z</time></trkpt><trkpt lat="36.919574" lon="138.0389101"><ele>2222.7233333333334</ele><time>2025-09-06T06:13:40Z</time></trkpt><trkpt lat="36.9196775" lon="138.0387147"><ele>2236.3566666666666</ele><time>2025-09-06T06:15:49Z</time></trkpt><trkpt lat="36.9197323" lon="138.0384893"><ele>2246.5766666666664</ele><time>2025-09-06T06:17:01Z</time></trkpt><trkpt lat="36.9198814" lon="138.0383399"><ele>2255.366666666667</ele><time>2025-09-06T06:18:25Z</time></trkpt><trkpt lat="36.920066" lon="138.0383406"><ele>2262.0766666666664</ele><time>2025-09-06T06:19:16Z</time></trkpt><trkpt lat="36.9202392" lon="138.038278"><ele>2268.1966666666667</ele><time>2025-09-06T06:20:31Z</time></trkpt><trkpt lat="36.9203523" lon="138.0380979"><ele>2276.53</ele><time>2025-09-06T06:21:55Z</time></trkpt><trkpt lat="36.920494" lon="138.0379548"><ele>2287.8199999999997</ele><time>2025-09-06T06:23:22Z</time></trkpt><trkpt lat="36.9206682" lon="138.0378936"><ele>2298.8766666666666</ele><time>2025-09-06T06:24:37Z</time></trkpt><trkpt lat="36.9206857" lon="138.0376623"><ele>2309.6133333333332</ele><time>2025-09-06T06:26:10Z</time></trkpt><trkpt lat="36.9208155" lon="138.0374981"><ele>2320.1200000000003</ele><time>2025-09-06T06:27:52Z</time></trkpt><trkpt lat="36.9207503" lon="138.0372882"><ele>2332.39</ele><time>2025-09-06T06:29:19Z</time></trkpt><trkpt lat="36.9208598" lon="138.0371034"><ele>2343.9133333333334</ele><time>2025-09-06T06:31:01Z</time></trkpt><trkpt lat="36.9209949" lon="138.0369433"><ele>2353.726666666667</ele><time>2025-09-06T06:32:34Z</time></trkpt><trkpt lat="36.9211069" lon="138.0367654"><ele>2363.6733333333336</ele><time>2025-09-06T06:33:52Z</time></trkpt><trkpt lat="36.9212249" lon="138.0365857"><ele>2373.81</ele><time>2025-09-06T06:35:25Z</time></trkpt><trkpt lat="36.9213262" lon="138.0363986"><ele>2383.2666666666664</ele><time>2025-09-06T06:37:04Z</time></trkpt><trkpt lat="36.9212626" lon="138.0361825"><ele>2390.0433333333335</ele><time>2025-09-06T06:37:49Z</time></trkpt><trkpt lat="36.9210955" lon="138.0360614"><ele>2394.34</ele><time>2025-09-06T06:38:19Z</time></trkpt><trkpt lat="36.9209367" lon="138.0358986"><ele>2397.8266666666664</ele><time>2025-09-06T06:38:49Z</time></trkpt><trkpt lat="36.920861" lon="138.035693"><ele>2399.653333333333</ele><time>2025-09-06T06:55:36Z</time></trkpt><trkpt lat="36.9207371" lon="138.0355156"><ele>2399.546666666667</ele><time>2025-09-06T06:56:27Z</time></trkpt><trkpt lat="36.9205576" lon="138.0353854"><ele>2397.216666666667</ele><time>2025-09-06T06:56:47Z</time></trkpt><trkpt lat="36.9207167" lon="138.0352572"><ele>2394.896666666667</ele><time>2025-09-06T06:58:06Z</time></trkpt><trkpt lat="36.9207632" lon="138.0350268"><ele>2391.1299999999997</ele><time>2025-09-06T06:59:33Z</time></trkpt><trkpt lat="36.9207703" lon="138.0348022"><ele>2388.14</ele><time>2025-09-06T07:00:03Z</time></trkpt><trkpt lat="36.9207089" lon="138.0345746"><ele>2386.4366666666665</ele><time>2025-09-06T07:01:18Z</time></trkpt><trkpt lat="36.9207475" lon="138.0343277"><ele>2384.18</ele><time>2025-09-06T07:02:24Z</time></trkpt><trkpt lat="36.9208954" lon="138.0341845"><ele>2371.5699999999997</ele><time>2025-09-06T07:03:29Z</time></trkpt><trkpt lat="36.9210274" lon="138.0340101"><ele>2355.2233333333334</ele><time>2025-09-06T07:04:12Z</time></trkpt><trkpt lat="36.9209959" lon="138.0337826"><ele>2346.25</ele><time>2025-09-06T07:06:24Z</time></trkpt><trkpt lat="36.9211818" lon="138.0337877"><ele>2344.1133333333332</ele><time>2025-09-06T07:12:39Z</time></trkpt><trkpt lat="36.921356" lon="138.0337038"><ele>2340.78</ele><time>2025-09-06T07:14:48Z</time></trkpt><trkpt lat="36.9215203" lon="138.0335805"><ele>2332.46</ele><time>2025-09-06T07:15:36Z</time></trkpt><trkpt lat="36.921552" lon="138.033351"><ele>2325.8766666666666</ele><time>2025-09-06T07:18:55Z</time></trkpt><trkpt lat="36.9215194" lon="138.0331252"><ele>2320.2666666666664</ele><time>2025-09-06T07:19:57Z</time></trkpt><trkpt lat="36.9214887" lon="138.0328972"><ele>2313.34</ele><time>2025-09-06T07:20:40Z</time></trkpt><trkpt lat="36.9214049" lon="138.0326888"><ele>2306.346666666667</ele><time>2025-09-06T07:21:07Z</time></trkpt><trkpt lat="36.9213191" lon="138.0324647"><ele>2297.116666666667</ele><time>2025-09-06T07:22:10Z</time></trkpt><trkpt lat="36.9213107" lon="138.0322306"><ele>2287.0733333333333</ele><time>2025-09-06T07:23:25Z</time></trkpt><trkpt lat="36.921295" lon="138.0320036"><ele>2273.193881953112</ele><time>2025-09-06T07:24:31Z</time></trkpt><trkpt lat="36.9213408" lon="138.0317743"><ele>2261.2041398160045</ele><time>2025-09-06T07:25:16Z</time></trkpt><trkpt lat="36.9213191" lon="138.0315507"><ele>2247.7738604481005</ele><time>2025-09-06T07:26:16Z</time></trkpt><trkpt lat="36.9214075" lon="138.0313504"><ele>2237.6614203545864</ele><time>2025-09-06T07:27:03Z</time></trkpt><trkpt lat="36.9212356" lon="138.0312627"><ele>2227.68936380078</ele><time>2025-09-06T07:28:28Z</time></trkpt><trkpt lat="36.9212163" lon="138.0310327"><ele>2219.6212122201982</ele><time>2025-09-06T07:29:19Z</time></trkpt><trkpt lat="36.9211729" lon="138.0307906"><ele>2210.3324026099986</ele><time>2025-09-06T07:30:13Z</time></trkpt><trkpt lat="36.9210467" lon="138.0306146"><ele>2201.123489371268</ele><time>2025-09-06T07:31:07Z</time></trkpt><trkpt lat="36.9210339" lon="138.0303876"><ele>2190.3195605934834</ele><time>2025-09-06T07:31:58Z</time></trkpt><trkpt lat="36.9209063" lon="138.030216"><ele>2180.3996421890893</ele><time>2025-09-06T07:32:46Z</time></trkpt><trkpt lat="36.9207543" lon="138.030093"><ele>2170.6041131082825</ele><time>2025-09-06T07:33:43Z</time></trkpt><trkpt lat="36.9207051" lon="138.029874"><ele>2161.1633658653395</ele><time>2025-09-06T07:34:54Z</time></trkpt><trkpt lat="36.920634" lon="138.0296568"><ele>2151.6069003043085</ele><time>2025-09-06T07:35:37Z</time></trkpt><trkpt lat="36.9205268" lon="138.0294533"><ele>2142.8035082655774</ele><time>2025-09-06T07:36:16Z</time></trkpt><trkpt lat="36.9204363" lon="138.0292383"><ele>2134.7466405351333</ele><time>2025-09-06T07:37:04Z</time></trkpt><trkpt lat="36.9205133" lon="138.0290251"><ele>2126.319507310009</ele><time>2025-09-06T07:38:16Z</time></trkpt><trkpt lat="36.9205913" lon="138.0288003"><ele>2117.436761650196</ele><time>2025-09-06T07:39:07Z</time></trkpt><trkpt lat="36.9206745" lon="138.0285996"><ele>2109.785764861118</ele><time>2025-09-06T07:39:37Z</time></trkpt><trkpt lat="36.9207723" lon="138.0283873"><ele>2103.6644164629965</ele><time>2025-09-06T07:40:22Z</time></trkpt><trkpt lat="36.9208958" lon="138.0282063"><ele>2096.414799443744</ele><time>2025-09-06T07:41:39Z</time></trkpt><trkpt lat="36.9209751" lon="138.0279916"><ele>2088.869236120585</ele><time>2025-09-06T07:42:22Z</time></trkpt><trkpt lat="36.9209329" lon="138.0277692"><ele>2082.407987054401</ele><time>2025-09-06T07:42:58Z</time></trkpt><trkpt lat="36.9208137" lon="138.0275797"><ele>2078.8801633712787</ele><time>2025-09-06T07:43:31Z</time></trkpt><trkpt lat="36.920632" lon="138.0274783"><ele>2077.176120052123</ele><time>2025-09-06T07:44:01Z</time></trkpt><trkpt lat="36.9204384" lon="138.0274244"><ele>2077.1343020566396</ele><time>2025-09-06T07:44:37Z</time></trkpt><trkpt lat="36.9203463" lon="138.027209"><ele>2076.9453305601014</ele><time>2025-09-06T07:45:22Z</time></trkpt><trkpt lat="36.9202994" lon="138.0269883"><ele>2074.334265578566</ele><time>2025-09-06T07:46:16Z</time></trkpt><trkpt lat="36.9203988" lon="138.0269045"><ele>2071.531032768012</ele><time>2025-09-06T18:23:08Z</time></trkpt><trkpt lat="36.9202364" lon="138.0270023"><ele>2068.314565087888</ele><time>2025-09-06T18:26:38Z</time></trkpt><trkpt lat="36.9200458" lon="138.0270498"><ele>2065.5857733390344</ele><time>2025-09-06T18:27:08Z</time></trkpt><trkpt lat="36.9198613" lon="138.0269635"><ele>2060.502912575576</ele><time>2025-09-06T18:28:05Z</time></trkpt><trkpt lat="36.9196809" lon="138.0269121"><ele>2053.08253669717</ele><time>2025-09-06T18:29:08Z</time></trkpt><trkpt lat="36.9195331" lon="138.0270531"><ele>2045.2407484184732</ele><time>2025-09-06T18:30:53Z</time></trkpt><trkpt lat="36.9194708" lon="138.0272774"><ele>2040.1012636704047</ele><time>2025-09-06T18:31:29Z</time></trkpt><trkpt lat="36.9193588" lon="138.0270816"><ele>2041.2160051656222</ele><time>2025-09-06T18:32:50Z</time></trkpt><trkpt lat="36.9192805" lon="138.0268761"><ele>2045.2612742425474</ele><time>2025-09-06T18:33:26Z</time></trkpt><trkpt lat="36.9191926" lon="138.0270798"><ele>2050.7223309861383</ele><time>2025-09-06T18:34:23Z</time></trkpt><trkpt lat="36.9190817" lon="138.0272794"><ele>2055.0686592363836</ele><time>2025-09-06T18:34:56Z</time></trkpt><trkpt lat="36.9188947" lon="138.0273005"><ele>2059.6720664688687</ele><time>2025-09-06T18:35:26Z</time></trkpt><trkpt lat="36.9187051" lon="138.0273413"><ele>2062.0206522451954</ele><time>2025-09-06T18:35:56Z</time></trkpt><trkpt lat="36.9185991" lon="138.0275229"><ele>2064.0944665686834</ele><time>2025-09-06T18:36:20Z</time></trkpt><trkpt lat="36.9184287" lon="138.0276351"><ele>2065.5641573526186</ele><time>2025-09-06T18:36:47Z</time></trkpt><trkpt lat="36.9182603" lon="138.0277276"><ele>2066.880639773513</ele><time>2025-09-06T18:37:10Z</time></trkpt><trkpt lat="36.9180797" lon="138.0278121"><ele>2066.7918998981745</ele><time>2025-09-06T18:37:34Z</time></trkpt><trkpt lat="36.9179008" lon="138.0278556"><ele>2067.313683179584</ele><time>2025-09-06T18:38:17Z</time></trkpt><trkpt lat="36.9177175" lon="138.0279098"><ele>2067.604911557439</ele><time>2025-09-06T18:38:47Z</time></trkpt><trkpt lat="36.9175344" lon="138.0279239"><ele>2069.143879306434</ele><time>2025-09-06T18:39:20Z</time></trkpt><trkpt lat="36.9173425" lon="138.027914"><ele>2071.1150109069945</ele><time>2025-09-06T18:40:08Z</time></trkpt><trkpt lat="36.9171358" lon="138.0278757"><ele>2073.2279308786306</ele><time>2025-09-06T18:40:38Z</time></trkpt><trkpt lat="36.9170082" lon="138.0277037"><ele>2075.043558616639</ele><time>2025-09-06T18:41:47Z</time></trkpt><trkpt lat="36.9168502" lon="138.0275753"><ele>2073.842908279232</ele><time>2025-09-06T18:42:14Z</time></trkpt><trkpt lat="36.9166926" lon="138.0274172"><ele>2070.813478945353</ele><time>2025-09-06T18:42:38Z</time></trkpt><trkpt lat="36.9165231" lon="138.0273114"><ele>2066.744171346729</ele><time>2025-09-06T18:43:04Z</time></trkpt><trkpt lat="36.9163473" lon="138.027229"><ele>2062.9688261809447</ele><time>2025-09-06T18:43:28Z</time></trkpt><trkpt lat="36.9161833" lon="138.0270987"><ele>2060.4099460977736</ele><time>2025-09-06T18:43:49Z</time></trkpt><trkpt lat="36.9159881" lon="138.0270019"><ele>2059.267844177926</ele><time>2025-09-06T18:44:14Z</time></trkpt><trkpt lat="36.9158138" lon="138.0269092"><ele>2060.072519191416</ele><time>2025-09-06T18:44:47Z</time></trkpt><trkpt lat="36.9156508" lon="138.0268045"><ele>2062.1320577043984</ele><time>2025-09-06T18:45:11Z</time></trkpt><trkpt lat="36.9155475" lon="138.026601"><ele>2064.3533032526466</ele><time>2025-09-06T18:45:35Z</time></trkpt><trkpt lat="36.9154421" lon="138.0263908"><ele>2068.1915002283718</ele><time>2025-09-06T18:46:11Z</time></trkpt><trkpt lat="36.9152959" lon="138.0262146"><ele>2071.2976642880944</ele><time>2025-09-06T18:46:34Z</time></trkpt><trkpt lat="36.9151279" lon="138.0261218"><ele>2075.2307018491506</ele><time>2025-09-06T18:47:05Z</time></trkpt><trkpt lat="36.9149949" lon="138.0259688"><ele>2079.222250970092</ele><time>2025-09-06T18:47:44Z</time></trkpt><trkpt lat="36.9147808" lon="138.0259516"><ele>2083.615544993821</ele><time>2025-09-06T18:52:02Z</time></trkpt><trkpt lat="36.9145994" lon="138.0259539"><ele>2085.885444076556</ele><time>2025-09-06T18:52:26Z</time></trkpt><trkpt lat="36.9144089" lon="138.0259469"><ele>2084.527908301775</ele><time>2025-09-06T18:52:50Z</time></trkpt><trkpt lat="36.914225" lon="138.025854"><ele>2080.9443121263007</ele><time>2025-09-06T18:53:20Z</time></trkpt><trkpt lat="36.9141316" lon="138.0256248"><ele>2077.495917567233</ele><time>2025-09-06T18:53:44Z</time></trkpt><trkpt lat="36.9140305" lon="138.0254193"><ele>2075.6434930397095</ele><time>2025-09-06T18:54:08Z</time></trkpt><trkpt lat="36.913962" lon="138.025198"><ele>2079.222237065245</ele><time>2025-09-06T18:55:17Z</time></trkpt><trkpt lat="36.9138438" lon="138.0250197"><ele>2085.3678364958414</ele><time>2025-09-06T18:55:59Z</time></trkpt><trkpt lat="36.9137427" lon="138.0248055"><ele>2090.521211416893</ele><time>2025-09-06T18:56:23Z</time></trkpt><trkpt lat="36.9135945" lon="138.0246635"><ele>2092.8692725708966</ele><time>2025-09-06T18:56:50Z</time></trkpt><trkpt lat="36.9134479" lon="138.0245006"><ele>2093.7796956667544</ele><time>2025-09-06T18:57:11Z</time></trkpt><trkpt lat="36.9132934" lon="138.0243308"><ele>2095.1765644222755</ele><time>2025-09-06T18:57:41Z</time></trkpt><trkpt lat="36.9131212" lon="138.0242564"><ele>2095.9780713729483</ele><time>2025-09-06T18:58:01Z</time></trkpt><trkpt lat="36.9129187" lon="138.0241999"><ele>2096.295494941591</ele><time>2025-09-06T18:58:22Z</time></trkpt><trkpt lat="36.91271" lon="138.0241799"><ele>2095.7391918776143</ele><time>2025-09-06T18:58:41Z</time></trkpt><trkpt lat="36.91254" lon="138.0240923"><ele>2093.893159087709</ele><time>2025-09-06T18:59:21Z</time></trkpt><trkpt lat="36.912386" lon="138.0239311"><ele>2092.118764092107</ele><time>2025-09-06T18:59:50Z</time></trkpt><trkpt lat="36.9122556" lon="138.0237571"><ele>2090.1845603239058</ele><time>2025-09-06T19:00:14Z</time></trkpt><trkpt lat="36.9121472" lon="138.0235607"><ele>2087.8627079365633</ele><time>2025-09-06T19:00:39Z</time></trkpt><trkpt lat="36.9120527" lon="138.0233392"><ele>2085.9482977031444</ele><time>2025-09-06T19:01:03Z</time></trkpt><trkpt lat="36.911976" lon="138.0231124"><ele>2086.4859316169727</ele><time>2025-09-06T19:01:36Z</time></trkpt><trkpt lat="36.9118261" lon="138.0229752"><ele>2088.908328054613</ele><time>2025-09-06T19:02:03Z</time></trkpt><trkpt lat="36.9117518" lon="138.0227567"><ele>2091.089290480554</ele><time>2025-09-06T19:02:27Z</time></trkpt><trkpt lat="36.9117542" lon="138.02252"><ele>2091.1300577417464</ele><time>2025-09-06T19:02:51Z</time></trkpt><trkpt lat="36.9117807" lon="138.0222697"><ele>2089.2911623350806</ele><time>2025-09-06T19:03:18Z</time></trkpt><trkpt lat="36.9118122" lon="138.0220272"><ele>2086.2155925552056</ele><time>2025-09-06T19:03:42Z</time></trkpt><trkpt lat="36.9117969" lon="138.0217949"><ele>2082.7966235134263</ele><time>2025-09-06T19:04:02Z</time></trkpt><trkpt lat="36.9116946" lon="138.0215727"><ele>2079.6417319195807</ele><time>2025-09-06T19:04:22Z</time></trkpt><trkpt lat="36.9117064" lon="138.0213269"><ele>2076.3098842542295</ele><time>2025-09-06T19:04:45Z</time></trkpt><trkpt lat="36.9116175" lon="138.0211"><ele>2072.7987060654973</ele><time>2025-09-06T19:05:06Z</time></trkpt><trkpt lat="36.9116423" lon="138.0208469"><ele>2069.0900246004853</ele><time>2025-09-06T19:05:33Z</time></trkpt><trkpt lat="36.9115478" lon="138.0206185"><ele>2065.0306247253916</ele><time>2025-09-06T19:05:56Z</time></trkpt><trkpt lat="36.9114606" lon="138.0203914"><ele>2061.389008218417</ele><time>2025-09-06T19:06:17Z</time></trkpt><trkpt lat="36.9113202" lon="138.0202297"><ele>2058.1663574415948</ele><time>2025-09-06T19:06:37Z</time></trkpt><trkpt lat="36.9112033" lon="138.0200525"><ele>2058.729906159382</ele><time>2025-09-06T19:07:18Z</time></trkpt><trkpt lat="36.9110912" lon="138.0198755"><ele>2062.4881353273267</ele><time>2025-09-06T19:08:00Z</time></trkpt><trkpt lat="36.9109183" lon="138.0197858"><ele>2068.7026678722978</ele><time>2025-09-06T19:08:36Z</time></trkpt><trkpt lat="36.9107341" lon="138.0197412"><ele>2074.1697548400457</ele><time>2025-09-06T19:09:09Z</time></trkpt><trkpt lat="36.9105759" lon="138.0196281"><ele>2078.5503275291226</ele><time>2025-09-06T19:09:42Z</time></trkpt><trkpt lat="36.9105892" lon="138.0194007"><ele>2079.710222191324</ele><time>2025-09-06T19:10:03Z</time></trkpt><trkpt lat="36.9106878" lon="138.0191795"><ele>2079.0316547552343</ele><time>2025-09-06T19:10:30Z</time></trkpt><trkpt lat="36.9108042" lon="138.0189891"><ele>2076.8425115768805</ele><time>2025-09-06T19:10:51Z</time></trkpt><trkpt lat="36.910902" lon="138.0187595"><ele>2076.0035526200227</ele><time>2025-09-06T19:11:45Z</time></trkpt><trkpt lat="36.9109416" lon="138.0185148"><ele>2075.831605716017</ele><time>2025-09-06T19:12:09Z</time></trkpt><trkpt lat="36.9110265" lon="138.0183017"><ele>2078.2183879753916</ele><time>2025-09-06T19:12:36Z</time></trkpt><trkpt lat="36.9111271" lon="138.0181147"><ele>2082.169048990591</ele><time>2025-09-06T19:13:06Z</time></trkpt><trkpt lat="36.9112062" lon="138.0178964"><ele>2086.693350768572</ele><time>2025-09-06T19:13:39Z</time></trkpt><trkpt lat="36.9112525" lon="138.0176543"><ele>2089.550765667378</ele><time>2025-09-06T19:14:00Z</time></trkpt><trkpt lat="36.9113033" lon="138.0174125"><ele>2089.65130451745</ele><time>2025-09-06T19:14:18Z</time></trkpt><trkpt lat="36.911321" lon="138.0171798"><ele>2089.6007763193707</ele><time>2025-09-06T19:14:36Z</time></trkpt><trkpt lat="36.9113408" lon="138.0169382"><ele>2088.829509450177</ele><time>2025-09-06T19:14:54Z</time></trkpt><trkpt lat="36.9113629" lon="138.0166762"><ele>2090.103088513703</ele><time>2025-09-06T19:15:15Z</time></trkpt><trkpt lat="36.9114263" lon="138.0164577"><ele>2090.666414192309</ele><time>2025-09-06T19:15:36Z</time></trkpt><trkpt lat="36.9112926" lon="138.0162756"><ele>2091.004401804461</ele><time>2025-09-06T19:15:57Z</time></trkpt><trkpt lat="36.9112162" lon="138.0160716"><ele>2089.963770392175</ele><time>2025-09-06T19:16:27Z</time></trkpt><trkpt lat="36.911035" lon="138.0160184"><ele>2087.9661368793936</ele><time>2025-09-06T19:16:48Z</time></trkpt><trkpt lat="36.9108591" lon="138.0159092"><ele>2087.4957216491784</ele><time>2025-09-06T19:17:18Z</time></trkpt><trkpt lat="36.9107004" lon="138.0157731"><ele>2087.920584011243</ele><time>2025-09-06T19:17:45Z</time></trkpt><trkpt lat="36.9106744" lon="138.0155444"><ele>2089.3042611781025</ele><time>2025-09-06T19:18:42Z</time></trkpt><trkpt lat="36.9106014" lon="138.0153249"><ele>2091.0416930913975</ele><time>2025-09-06T19:19:21Z</time></trkpt><trkpt lat="36.910407" lon="138.0152914"><ele>2092.723928915502</ele><time>2025-09-06T19:19:42Z</time></trkpt><trkpt lat="36.9102007" lon="138.0152876"><ele>2094.56877389895</ele><time>2025-09-06T19:20:39Z</time></trkpt><trkpt lat="36.9100178" lon="138.015366"><ele>2095.79749371344</ele><time>2025-09-06T19:21:03Z</time></trkpt><trkpt lat="36.9098526" lon="138.0154943"><ele>2098.8646325880673</ele><time>2025-09-06T19:21:39Z</time></trkpt><trkpt lat="36.9096664" lon="138.015503"><ele>2103.313941335218</ele><time>2025-09-06T19:22:27Z</time></trkpt><trkpt lat="36.9094784" lon="138.0155041"><ele>2108.319594710903</ele><time>2025-09-06T19:22:57Z</time></trkpt><trkpt lat="36.9092807" lon="138.0155085"><ele>2111.5419630834126</ele><time>2025-09-06T19:23:30Z</time></trkpt><trkpt lat="36.9091015" lon="138.0154682"><ele>2113.487954734006</ele><time>2025-09-06T19:23:51Z</time></trkpt><trkpt lat="36.9089274" lon="138.015375"><ele>2113.9557300597203</ele><time>2025-09-06T19:24:15Z</time></trkpt><trkpt lat="36.9087635" lon="138.0152423"><ele>2115.488829480289</ele><time>2025-09-06T19:24:43Z</time></trkpt><trkpt lat="36.9086707" lon="138.0150471"><ele>2118.338579127352</ele><time>2025-09-06T19:25:13Z</time></trkpt><trkpt lat="36.9085" lon="138.0149582"><ele>2122.437941740331</ele><time>2025-09-06T19:25:39Z</time></trkpt><trkpt lat="36.9083146" lon="138.0149167"><ele>2126.5097160192568</ele><time>2025-09-06T19:26:08Z</time></trkpt><trkpt lat="36.9081466" lon="138.0148058"><ele>2129.949096002964</ele><time>2025-09-06T19:26:33Z</time></trkpt><trkpt lat="36.9079845" lon="138.01467"><ele>2131.2006596482174</ele><time>2025-09-06T19:26:53Z</time></trkpt><trkpt lat="36.9077929" lon="138.0146201"><ele>2130.579673109934</ele><time>2025-09-06T19:27:17Z</time></trkpt><trkpt lat="36.9076176" lon="138.0145482"><ele>2129.387615372591</ele><time>2025-09-06T19:27:39Z</time></trkpt><trkpt lat="36.9074278" lon="138.0144815"><ele>2129.5188682899275</ele><time>2025-09-06T19:28:03Z</time></trkpt><trkpt lat="36.9072331" lon="138.0145402"><ele>2131.591915783507</ele><time>2025-09-06T19:28:32Z</time></trkpt><trkpt lat="36.9070632" lon="138.0144642"><ele>2133.8486939732697</ele><time>2025-09-06T19:28:54Z</time></trkpt><trkpt lat="36.9068488" lon="138.0144943"><ele>2136.624036490581</ele><time>2025-09-06T19:29:21Z</time></trkpt><trkpt lat="36.9066862" lon="138.014383"><ele>2139.751458973371</ele><time>2025-09-06T19:29:54Z</time></trkpt><trkpt lat="36.9065052" lon="138.0143901"><ele>2145.2973861936757</ele><time>2025-09-06T19:30:45Z</time></trkpt><trkpt lat="36.9063169" lon="138.0143819"><ele>2152.7941401987923</ele><time>2025-09-06T19:31:36Z</time></trkpt><trkpt lat="36.9061792" lon="138.0145605"><ele>2159.926354262945</ele><time>2025-09-06T19:32:12Z</time></trkpt><trkpt lat="36.9059949" lon="138.0145377"><ele>2166.844171587004</ele><time>2025-09-06T19:33:14Z</time></trkpt><trkpt lat="36.9058187" lon="138.0144848"><ele>2173.7873862503766</ele><time>2025-09-06T19:34:23Z</time></trkpt><trkpt lat="36.9056543" lon="138.0143834"><ele>2183.1446215060405</ele><time>2025-09-06T19:35:50Z</time></trkpt><trkpt lat="36.9054692" lon="138.0143664"><ele>2193.07947776423</ele><time>2025-09-06T19:36:59Z</time></trkpt><trkpt lat="36.9052844" lon="138.014367"><ele>2201.579859383864</ele><time>2025-09-06T19:37:41Z</time></trkpt><trkpt lat="36.9051101" lon="138.0143003"><ele>2207.5357880454876</ele><time>2025-09-06T19:38:23Z</time></trkpt><trkpt lat="36.9049139" lon="138.0142838"><ele>2212.042616852897</ele><time>2025-09-06T19:39:20Z</time></trkpt><trkpt lat="36.9047242" lon="138.014239"><ele>2216.6437345394593</ele><time>2025-09-06T19:40:11Z</time></trkpt><trkpt lat="36.9045403" lon="138.0141972"><ele>2222.17433286256</ele><time>2025-09-06T19:40:59Z</time></trkpt><trkpt lat="36.9043659" lon="138.0141112"><ele>2227.7889902518978</ele><time>2025-09-06T19:41:47Z</time></trkpt><trkpt lat="36.9043061" lon="138.0138799"><ele>2234.7634492817133</ele><time>2025-09-06T19:49:14Z</time></trkpt><trkpt lat="36.9042813" lon="138.0136244"><ele>2237.8499318425197</ele><time>2025-09-06T19:49:38Z</time></trkpt><trkpt lat="36.9042954" lon="138.0133956"><ele>2237.4830224093553</ele><time>2025-09-06T19:50:05Z</time></trkpt><trkpt lat="36.9042317" lon="138.0131614"><ele>2233.482486867743</ele><time>2025-09-06T19:50:29Z</time></trkpt><trkpt lat="36.9043174" lon="138.0129599"><ele>2230.1147086744663</ele><time>2025-09-06T19:50:50Z</time></trkpt><trkpt lat="36.9043144" lon="138.0127198"><ele>2226.7684810478595</ele><time>2025-09-06T19:51:17Z</time></trkpt><trkpt lat="36.9042779" lon="138.0124822"><ele>2223.1351092022383</ele><time>2025-09-06T19:51:38Z</time></trkpt><trkpt lat="36.9043311" lon="138.0122608"><ele>2217.711452366143</ele><time>2025-09-06T19:52:29Z</time></trkpt><trkpt lat="36.9043277" lon="138.0120246"><ele>2211.7941156100856</ele><time>2025-09-06T19:53:02Z</time></trkpt><trkpt lat="36.9043502" lon="138.0117858"><ele>2204.878002281934</ele><time>2025-09-06T19:53:35Z</time></trkpt><trkpt lat="36.9043593" lon="138.0115274"><ele>2198.4702337333565</ele><time>2025-09-06T19:54:19Z</time></trkpt><trkpt lat="36.9043762" lon="138.0113034"><ele>2192.6096350321172</ele><time>2025-09-06T19:54:53Z</time></trkpt><trkpt lat="36.9043763" lon="138.0110694"><ele>2187.3483442314555</ele><time>2025-09-06T19:55:19Z</time></trkpt><trkpt lat="36.9044004" lon="138.0108265"><ele>2181.4902331982175</ele><time>2025-09-06T19:56:08Z</time></trkpt><trkpt lat="36.9044055" lon="138.0105989"><ele>2174.4259204972186</ele><time>2025-09-06T19:56:59Z</time></trkpt><trkpt lat="36.9043012" lon="138.0104125"><ele>2166.790792026284</ele><time>2025-09-06T19:57:35Z</time></trkpt><trkpt lat="36.9042013" lon="138.0102169"><ele>2160.944237026087</ele><time>2025-09-06T19:58:08Z</time></trkpt><trkpt lat="36.9041509" lon="138.0099807"><ele>2153.8157662973867</ele><time>2025-09-06T19:58:59Z</time></trkpt><trkpt lat="36.9041527" lon="138.0097452"><ele>2145.711770072689</ele><time>2025-09-06T19:59:34Z</time></trkpt><trkpt lat="36.9042331" lon="138.0095327"><ele>2136.305700458295</ele><time>2025-09-06T20:00:11Z</time></trkpt><trkpt lat="36.9042503" lon="138.0093047"><ele>2128.8917059384053</ele><time>2025-09-06T20:00:50Z</time></trkpt><trkpt lat="36.9042738" lon="138.0090757"><ele>2120.986554926029</ele><time>2025-09-06T20:01:38Z</time></trkpt><trkpt lat="36.9042802" lon="138.0088382"><ele>2113.4095615018155</ele><time>2025-09-06T20:02:14Z</time></trkpt><trkpt lat="36.904335" lon="138.0086155"><ele>2104.8390221496243</ele><time>2025-09-06T20:02:55Z</time></trkpt><trkpt lat="36.904466" lon="138.0084338"><ele>2097.636295335388</ele><time>2025-09-06T20:03:35Z</time></trkpt><trkpt lat="36.9045426" lon="138.0082097"><ele>2090.606045320553</ele><time>2025-09-06T20:04:08Z</time></trkpt><trkpt lat="36.9045028" lon="138.0079908"><ele>2083.8928064173024</ele><time>2025-09-06T20:04:29Z</time></trkpt><trkpt lat="36.9046246" lon="138.0078193"><ele>2077.356641944843</ele><time>2025-09-06T20:05:17Z</time></trkpt><trkpt lat="36.9047488" lon="138.0076547"><ele>2071.507921849305</ele><time>2025-09-06T20:05:50Z</time></trkpt><trkpt lat="36.9048546" lon="138.007472"><ele>2065.5754712203347</ele><time>2025-09-06T20:07:38Z</time></trkpt><trkpt lat="36.904877" lon="138.0072383"><ele>2063.3528485133306</ele><time>2025-09-06T20:10:17Z</time></trkpt><trkpt lat="36.9048712" lon="138.0070021"><ele>2063.824156085411</ele><time>2025-09-06T20:10:53Z</time></trkpt><trkpt lat="36.9048008" lon="138.0067841"><ele>2066.4934952407652</ele><time>2025-09-06T20:11:20Z</time></trkpt><trkpt lat="36.9047518" lon="138.0065486"><ele>2065.5983004654995</ele><time>2025-09-06T20:11:44Z</time></trkpt><trkpt lat="36.9047694" lon="138.0063072"><ele>2063.0661948750458</ele><time>2025-09-06T20:12:11Z</time></trkpt><trkpt lat="36.904755" lon="138.0060538"><ele>2060.506890405905</ele><time>2025-09-06T20:12:47Z</time></trkpt><trkpt lat="36.9047667" lon="138.0058192"><ele>2058.203390724791</ele><time>2025-09-06T20:14:29Z</time></trkpt><trkpt lat="36.9047562" lon="138.0055742"><ele>2057.8150568454766</ele><time>2025-09-06T20:15:05Z</time></trkpt><trkpt lat="36.9046763" lon="138.0053679"><ele>2057.331593332694</ele><time>2025-09-06T20:17:08Z</time></trkpt><trkpt lat="36.9046002" lon="138.0051556"><ele>2056.0189660804176</ele><time>2025-09-06T20:17:34Z</time></trkpt><trkpt lat="36.9047067" lon="138.0049631"><ele>2052.6178975176085</ele><time>2025-09-06T20:17:56Z</time></trkpt><trkpt lat="36.9047648" lon="138.0047401"><ele>2048.3087482301285</ele><time>2025-09-06T20:18:19Z</time></trkpt><trkpt lat="36.9048177" lon="138.0045184"><ele>2045.7865010988596</ele><time>2025-09-06T20:18:40Z</time></trkpt><trkpt lat="36.9048673" lon="138.0042867"><ele>2042.1229288625952</ele><time>2025-09-06T20:19:32Z</time></trkpt><trkpt lat="36.9048658" lon="138.0040438"><ele>2038.1460728857976</ele><time>2025-09-06T20:20:17Z</time></trkpt><trkpt lat="36.904883" lon="138.0038179"><ele>2034.5935699904755</ele><time>2025-09-06T20:20:44Z</time></trkpt><trkpt lat="36.904963" lon="138.0035889"><ele>2031.174081987983</ele><time>2025-09-06T20:21:20Z</time></trkpt><trkpt lat="36.9050144" lon="138.0033734"><ele>2028.810758651093</ele><time>2025-09-06T20:21:41Z</time></trkpt><trkpt lat="36.9050508" lon="138.0031532"><ele>2025.2346086260252</ele><time>2025-09-06T20:22:02Z</time></trkpt><trkpt lat="36.9051201" lon="138.0029423"><ele>2019.375818114638</ele><time>2025-09-06T20:22:50Z</time></trkpt><trkpt lat="36.9052178" lon="138.0027438"><ele>2011.9993626474522</ele><time>2025-09-06T20:23:23Z</time></trkpt><trkpt lat="36.9052355" lon="138.0025104"><ele>2003.305094967958</ele><time>2025-09-06T20:23:59Z</time></trkpt><trkpt lat="36.9052142" lon="138.0022596"><ele>1995.6936287057924</ele><time>2025-09-06T20:24:47Z</time></trkpt><trkpt lat="36.9053215" lon="138.0020432"><ele>1989.378325688036</ele><time>2025-09-06T20:25:23Z</time></trkpt><trkpt lat="36.9054709" lon="138.0019061"><ele>1984.9733448867744</ele><time>2025-09-06T20:25:46Z</time></trkpt><trkpt lat="36.9055765" lon="138.0016953"><ele>1981.8031889459023</ele><time>2025-09-06T20:26:12Z</time></trkpt><trkpt lat="36.9057078" lon="138.001524"><ele>1977.743266675306</ele><time>2025-09-06T20:26:36Z</time></trkpt><trkpt lat="36.9058405" lon="138.0013319"><ele>1972.8284280848566</ele><time>2025-09-06T20:27:06Z</time></trkpt><trkpt lat="36.9059577" lon="138.001139"><ele>1967.3126390322225</ele><time>2025-09-06T20:27:37Z</time></trkpt><trkpt lat="36.9060368" lon="138.0009258"><ele>1960.961052500381</ele><time>2025-09-06T20:28:12Z</time></trkpt><trkpt lat="36.906099" lon="138.0007099"><ele>1952.8957518881846</ele><time>2025-09-06T20:29:02Z</time></trkpt><trkpt lat="36.9062653" lon="138.000578"><ele>1946.0549530268365</ele><time>2025-09-06T20:29:26Z</time></trkpt><trkpt lat="36.9064134" lon="138.0004133"><ele>1939.9982147443952</ele><time>2025-09-06T20:29:58Z</time></trkpt><trkpt lat="36.9065978" lon="138.0003836"><ele>1936.4526057661321</ele><time>2025-09-06T20:30:26Z</time></trkpt><trkpt lat="36.9067413" lon="138.0002173"><ele>1932.4373264034941</ele><time>2025-09-06T20:31:04Z</time></trkpt><trkpt lat="36.9068081" lon="138.0000064"><ele>1928.4840507888136</ele><time>2025-09-06T20:31:32Z</time></trkpt><trkpt lat="36.9068987" lon="137.9998099"><ele>1922.2958626384789</ele><time>2025-09-06T20:32:14Z</time></trkpt><trkpt lat="36.9069913" lon="137.9996022"><ele>1915.382771957031</ele><time>2025-09-06T20:32:47Z</time></trkpt><trkpt lat="36.9071192" lon="137.9994396"><ele>1905.6825132909169</ele><time>2025-09-06T20:34:17Z</time></trkpt><trkpt lat="36.9071758" lon="137.9992206"><ele>1897.1020181062286</ele><time>2025-09-06T20:34:56Z</time></trkpt><trkpt lat="36.9072138" lon="137.9989885"><ele>1891.1361923893776</ele><time>2025-09-06T20:35:32Z</time></trkpt><trkpt lat="36.9073076" lon="137.9987679"><ele>1889.0777856035593</ele><time>2025-09-06T20:36:23Z</time></trkpt><trkpt lat="36.9074181" lon="137.9985889"><ele>1887.576863122248</ele><time>2025-09-06T20:37:02Z</time></trkpt><trkpt lat="36.9074527" lon="137.9983439"><ele>1883.928759781629</ele><time>2025-09-06T20:37:35Z</time></trkpt><trkpt lat="36.9075104" lon="137.9981279"><ele>1878.1188805235026</ele><time>2025-09-06T20:38:29Z</time></trkpt><trkpt lat="36.9075316" lon="137.9978935"><ele>1870.8794398276389</ele><time>2025-09-06T20:39:05Z</time></trkpt><trkpt lat="36.9075606" lon="137.9976424"><ele>1861.9058739715535</ele><time>2025-09-06T20:39:49Z</time></trkpt><trkpt lat="36.9075375" lon="137.9974103"><ele>1853.686938739743</ele><time>2025-09-06T20:40:17Z</time></trkpt><trkpt lat="36.9075961" lon="137.9971838"><ele>1846.660631381442</ele><time>2025-09-06T20:40:44Z</time></trkpt><trkpt lat="36.9076801" lon="137.9969774"><ele>1840.2110094163252</ele><time>2025-09-06T20:41:20Z</time></trkpt><trkpt lat="36.9077745" lon="137.9967639"><ele>1833.8517336457498</ele><time>2025-09-06T20:41:56Z</time></trkpt><trkpt lat="36.907813" lon="137.996535"><ele>1826.2003030593426</ele><time>2025-09-06T20:42:37Z</time></trkpt><trkpt lat="36.9078063" lon="137.9963069"><ele>1818.2762282040192</ele><time>2025-09-06T20:43:17Z</time></trkpt><trkpt lat="36.907809" lon="137.9960527"><ele>1808.942103921144</ele><time>2025-09-06T20:43:53Z</time></trkpt><trkpt lat="36.907812" lon="137.995822"><ele>1800.7492607098438</ele><time>2025-09-06T20:44:19Z</time></trkpt><trkpt lat="36.9077753" lon="137.9955931"><ele>1792.9239911516577</ele><time>2025-09-06T20:44:50Z</time></trkpt><trkpt lat="36.9077968" lon="137.9953653"><ele>1786.9084783392784</ele><time>2025-09-06T20:45:14Z</time></trkpt><trkpt lat="36.9077558" lon="137.9951436"><ele>1781.3636516186386</ele><time>2025-09-06T20:45:44Z</time></trkpt><trkpt lat="36.907812" lon="137.9949164"><ele>1776.851538033871</ele><time>2025-09-06T20:46:11Z</time></trkpt><trkpt lat="36.9079946" lon="137.9948397"><ele>1771.6567906700748</ele><time>2025-09-06T20:46:40Z</time></trkpt><trkpt lat="36.9081193" lon="137.9946734"><ele>1763.5912138172068</ele><time>2025-09-06T20:47:40Z</time></trkpt><trkpt lat="36.9082536" lon="137.9944994"><ele>1753.447589397094</ele><time>2025-09-06T20:48:30Z</time></trkpt><trkpt lat="36.9083863" lon="137.9943467"><ele>1742.1943133463528</ele><time>2025-09-06T20:49:30Z</time></trkpt><trkpt lat="36.9085325" lon="137.994213"><ele>1732.7530415399308</ele><time>2025-09-06T20:50:42Z</time></trkpt><trkpt lat="36.9086695" lon="137.9940279"><ele>1726.1102988213552</ele><time>2025-09-06T20:51:09Z</time></trkpt><trkpt lat="36.9088011" lon="137.9938653"><ele>1721.2829150353289</ele><time>2025-09-06T20:51:38Z</time></trkpt><trkpt lat="36.9089854" lon="137.9937892"><ele>1718.4253542261301</ele><time>2025-09-06T20:52:08Z</time></trkpt><trkpt lat="36.9090773" lon="137.993562"><ele>1715.0074687167362</ele><time>2025-09-06T20:52:38Z</time></trkpt><trkpt lat="36.9091971" lon="137.9933851"><ele>1710.1621799054253</ele><time>2025-09-06T20:53:33Z</time></trkpt><trkpt lat="36.909342" lon="137.9932121"><ele>1702.0361842600378</ele><time>2025-09-06T20:55:03Z</time></trkpt><trkpt lat="36.9095338" lon="137.9931768"><ele>1693.39131475898</ele><time>2025-09-06T20:55:38Z</time></trkpt><trkpt lat="36.9096709" lon="137.9930034"><ele>1687.2466007022024</ele><time>2025-09-06T20:56:08Z</time></trkpt><trkpt lat="36.9098089" lon="137.9928588"><ele>1683.936771297006</ele><time>2025-09-06T20:56:44Z</time></trkpt><trkpt lat="36.9099153" lon="137.9926672"><ele>1682.8843761944083</ele><time>2025-09-06T20:57:14Z</time></trkpt><trkpt lat="36.909988" lon="137.9924329"><ele>1680.8824862500715</ele><time>2025-09-06T20:57:44Z</time></trkpt><trkpt lat="36.9100837" lon="137.9922409"><ele>1677.2848732915438</ele><time>2025-09-06T20:58:35Z</time></trkpt><trkpt lat="36.9102005" lon="137.9920521"><ele>1671.3354159854116</ele><time>2025-09-06T20:59:25Z</time></trkpt><trkpt lat="36.9103713" lon="137.9919327"><ele>1665.7029931896175</ele><time>2025-09-06T20:59:58Z</time></trkpt><trkpt lat="36.9105499" lon="137.9918057"><ele>1662.4554938706576</ele><time>2025-09-06T21:00:39Z</time></trkpt><trkpt lat="36.9106921" lon="137.9916575"><ele>1660.651690920691</ele><time>2025-09-06T21:01:09Z</time></trkpt><trkpt lat="36.9108532" lon="137.9915517"><ele>1659.7517626322121</ele><time>2025-09-06T21:06:35Z</time></trkpt><trkpt lat="36.9108686" lon="137.9913009"><ele>1655.7855002704155</ele><time>2025-09-06T21:11:20Z</time></trkpt><trkpt lat="36.9108829" lon="137.9910612"><ele>1650.9925302850859</ele><time>2025-09-06T21:11:52Z</time></trkpt><trkpt lat="36.9108028" lon="137.9908506"><ele>1644.4695117184003</ele><time>2025-09-06T21:12:22Z</time></trkpt><trkpt lat="36.9107625" lon="137.9906033"><ele>1638.9840661824935</ele><time>2025-09-06T21:12:49Z</time></trkpt><trkpt lat="36.910761" lon="137.9903646"><ele>1632.0131731641206</ele><time>2025-09-06T21:13:29Z</time></trkpt><trkpt lat="36.9107215" lon="137.9901279"><ele>1625.509984503961</ele><time>2025-09-06T21:13:59Z</time></trkpt><trkpt lat="36.9106326" lon="137.989928"><ele>1618.1947876519544</ele><time>2025-09-06T21:14:37Z</time></trkpt><trkpt lat="36.9106573" lon="137.9896878"><ele>1612.25279921664</ele><time>2025-09-06T21:15:04Z</time></trkpt><trkpt lat="36.9106034" lon="137.9894436"><ele>1606.4317519967035</ele><time>2025-09-06T21:15:28Z</time></trkpt><trkpt lat="36.9105258" lon="137.9892257"><ele>1603.3416270093358</ele><time>2025-09-06T21:15:58Z</time></trkpt><trkpt lat="36.9104643" lon="137.9889844"><ele>1602.2426962348045</ele><time>2025-09-06T21:16:26Z</time></trkpt><trkpt lat="36.9104157" lon="137.9887476"><ele>1602.469179145797</ele><time>2025-09-06T21:16:50Z</time></trkpt><trkpt lat="36.9103244" lon="137.9885398"><ele>1602.0177601169828</ele><time>2025-09-06T21:17:16Z</time></trkpt><trkpt lat="36.9101957" lon="137.9883767"><ele>1599.7729859919264</ele><time>2025-09-06T21:18:16Z</time></trkpt><trkpt lat="36.9101324" lon="137.9881442"><ele>1596.5808074754757</ele><time>2025-09-06T21:18:40Z</time></trkpt><trkpt lat="36.9100525" lon="137.9879414"><ele>1592.678397979875</ele><time>2025-09-06T21:19:03Z</time></trkpt><trkpt lat="36.9099497" lon="137.9877379"><ele>1588.6605262174255</ele><time>2025-09-06T21:19:33Z</time></trkpt><trkpt lat="36.9099109" lon="137.9875073"><ele>1586.0338193218786</ele><time>2025-09-06T21:19:56Z</time></trkpt><trkpt lat="36.9098798" lon="137.9872727"><ele>1582.7869550407322</ele><time>2025-09-06T21:20:25Z</time></trkpt><trkpt lat="36.9098247" lon="137.9870371"><ele>1579.0784783347535</ele><time>2025-09-06T21:20:49Z</time></trkpt><trkpt lat="36.9098355" lon="137.9868081"><ele>1573.1098048291249</ele><time>2025-09-06T21:21:22Z</time></trkpt><trkpt lat="36.9098563" lon="137.9865626"><ele>1569.9378011390006</ele><time>2025-09-06T21:22:07Z</time></trkpt><trkpt lat="36.9097953" lon="137.9863314"><ele>1569.3758732491058</ele><time>2025-09-06T21:22:43Z</time></trkpt><trkpt lat="36.9097469" lon="137.9861086"><ele>1570.1786686779524</ele><time>2025-09-06T21:23:04Z</time></trkpt><trkpt lat="36.9096877" lon="137.9858663"><ele>1571.1876695236786</ele><time>2025-09-06T21:23:40Z</time></trkpt><trkpt lat="36.9095623" lon="137.9856941"><ele>1572.0778501626637</ele><time>2025-09-06T21:24:10Z</time></trkpt><trkpt lat="36.9094807" lon="137.9854912"><ele>1574.0207591177586</ele><time>2025-09-06T21:24:40Z</time></trkpt><trkpt lat="36.909341" lon="137.9853411"><ele>1573.8542237821114</ele><time>2025-09-06T21:25:07Z</time></trkpt><trkpt lat="36.9092825" lon="137.9851073"><ele>1572.6229618337086</ele><time>2025-09-06T21:25:28Z</time></trkpt><trkpt lat="36.9091794" lon="137.9849071"><ele>1571.5051680923264</ele><time>2025-09-06T21:25:55Z</time></trkpt><trkpt lat="36.9090322" lon="137.9847507"><ele>1572.419826601609</ele><time>2025-09-06T21:26:19Z</time></trkpt><trkpt lat="36.908863" lon="137.9846049"><ele>1574.149019692506</ele><time>2025-09-06T21:26:46Z</time></trkpt><trkpt lat="36.9088066" lon="137.9843633"><ele>1574.7817801509561</ele><time>2025-09-06T21:27:07Z</time></trkpt><trkpt lat="36.9087601" lon="137.9841359"><ele>1575.5537694527368</ele><time>2025-09-06T21:27:37Z</time></trkpt><trkpt lat="36.9087128" lon="137.9839165"><ele>1577.1396374818312</ele><time>2025-09-06T21:28:10Z</time></trkpt><trkpt lat="36.908773" lon="137.9836882"><ele>1577.582594821948</ele><time>2025-09-06T21:28:34Z</time></trkpt><trkpt lat="36.9087793" lon="137.983441"><ele>1576.3360921916167</ele><time>2025-09-06T21:29:04Z</time></trkpt><trkpt lat="36.9087997" lon="137.9832038"><ele>1575.2966843046436</ele><time>2025-09-06T21:29:37Z</time></trkpt><trkpt lat="36.9087628" lon="137.9829711"><ele>1576.7122989433217</ele><time>2025-09-06T21:30:07Z</time></trkpt><trkpt lat="36.908729" lon="137.9827376"><ele>1579.7625750236787</ele><time>2025-09-06T21:30:34Z</time></trkpt><trkpt lat="36.908754" lon="137.9825077"><ele>1583.3913095368687</ele><time>2025-09-06T21:31:22Z</time></trkpt><trkpt lat="36.9086584" lon="137.9822706"><ele>1588.9632941057735</ele><time>2025-09-06T21:32:37Z</time></trkpt><trkpt lat="36.9085286" lon="137.9821014"><ele>1591.7743200371963</ele><time>2025-09-06T21:33:16Z</time></trkpt><trkpt lat="36.9084607" lon="137.9818817"><ele>1591.153071406683</ele><time>2025-09-06T21:33:46Z</time></trkpt><trkpt lat="36.9085403" lon="137.9816756"><ele>1587.4452643371621</ele><time>2025-09-06T21:34:13Z</time></trkpt><trkpt lat="36.9085499" lon="137.9814505"><ele>1584.6851999899893</ele><time>2025-09-06T21:34:37Z</time></trkpt><trkpt lat="36.908569" lon="137.9812243"><ele>1581.8592996845202</ele><time>2025-09-06T21:35:00Z</time></trkpt><trkpt lat="36.9086512" lon="137.9809903"><ele>1577.0721237429195</ele><time>2025-09-06T21:35:18Z</time></trkpt><trkpt lat="36.9086824" lon="137.9807637"><ele>1573.3605056045578</ele><time>2025-09-06T21:35:42Z</time></trkpt><trkpt lat="36.9086599" lon="137.9805287"><ele>1572.284773857072</ele><time>2025-09-06T21:36:10Z</time></trkpt><trkpt lat="36.9087166" lon="137.9803131"><ele>1571.9700279448698</ele><time>2025-09-06T21:36:27Z</time></trkpt><trkpt lat="36.9088783" lon="137.9802134"><ele>1569.936174547028</ele><time>2025-09-06T21:36:55Z</time></trkpt><trkpt lat="36.909051" lon="137.9801465"><ele>1562.6742356318334</ele><time>2025-09-06T21:38:37Z</time></trkpt><trkpt lat="36.9091665" lon="137.9799718"><ele>1555.657667525875</ele><time>2025-09-06T21:39:46Z</time></trkpt><trkpt lat="36.909158" lon="137.9797433"><ele>1549.6792874942796</ele><time>2025-09-06T21:40:28Z</time></trkpt><trkpt lat="36.9090675" lon="137.9795261"><ele>1548.4604249492697</ele><time>2025-09-06T21:41:01Z</time></trkpt><trkpt lat="36.9090947" lon="137.9792891"><ele>1547.8087334288339</ele><time>2025-09-06T21:41:31Z</time></trkpt><trkpt lat="36.9090812" lon="137.9790364"><ele>1547.2356045181502</ele><time>2025-09-06T21:41:55Z</time></trkpt><trkpt lat="36.9090783" lon="137.9787898"><ele>1544.2545788507748</ele><time>2025-09-06T21:42:31Z</time></trkpt><trkpt lat="36.9091484" lon="137.9785725"><ele>1541.8823496019634</ele><time>2025-09-06T21:43:10Z</time></trkpt><trkpt lat="36.9092507" lon="137.9783784"><ele>1538.653670061107</ele><time>2025-09-06T21:43:43Z</time></trkpt><trkpt lat="36.9093777" lon="137.9781932"><ele>1535.5182459766222</ele><time>2025-09-06T21:44:22Z</time></trkpt><trkpt lat="36.90954" lon="137.9780669"><ele>1532.7151653466165</ele><time>2025-09-06T21:44:52Z</time></trkpt><trkpt lat="36.9096329" lon="137.9778727"><ele>1530.492883355647</ele><time>2025-09-06T21:46:04Z</time></trkpt><trkpt lat="36.9096725" lon="137.9776358"><ele>1531.0855790948165</ele><time>2025-09-06T21:46:52Z</time></trkpt><trkpt lat="36.9095438" lon="137.9774758"><ele>1532.660993555283</ele><time>2025-09-06T21:47:34Z</time></trkpt><trkpt lat="36.9093778" lon="137.9773721"><ele>1535.989433170064</ele><time>2025-09-06T21:48:04Z</time></trkpt><trkpt lat="36.9091889" lon="137.9773553"><ele>1540.1894155982393</ele><time>2025-09-06T21:48:46Z</time></trkpt><trkpt lat="36.9090238" lon="137.9772556"><ele>1544.213145480693</ele><time>2025-09-06T21:49:16Z</time></trkpt><trkpt lat="36.9089486" lon="137.9770301"><ele>1545.3860964547832</ele><time>2025-09-06T21:49:58Z</time></trkpt><trkpt lat="36.9088857" lon="137.976818"><ele>1545.0620673390674</ele><time>2025-09-06T21:50:37Z</time></trkpt><trkpt lat="36.9086947" lon="137.9767588"><ele>1547.5720873259477</ele><time>2025-09-06T21:51:45Z</time></trkpt><trkpt lat="36.908542" lon="137.9766242"><ele>1554.8923949602713</ele><time>2025-09-06T21:58:21Z</time></trkpt><trkpt lat="36.9085324" lon="137.9763816"><ele>1558.8481810084938</ele><time>2025-09-06T21:58:59Z</time></trkpt><trkpt lat="36.9085783" lon="137.9761453"><ele>1556.2528991189465</ele><time>2025-09-06T21:59:41Z</time></trkpt><trkpt lat="36.9085801" lon="137.975919"><ele>1551.8642237692386</ele><time>2025-09-06T22:00:16Z</time></trkpt><trkpt lat="36.9085926" lon="137.9756825"><ele>1552.747734366454</ele><time>2025-09-06T22:01:16Z</time></trkpt><trkpt lat="36.9087029" lon="137.9755021"><ele>1556.6537267228653</ele><time>2025-09-06T22:01:46Z</time></trkpt><trkpt lat="36.9088137" lon="137.9753194"><ele>1559.9906598947337</ele><time>2025-09-06T22:02:22Z</time></trkpt><trkpt lat="36.908812" lon="137.9750812"><ele>1563.0007424095165</ele><time>2025-09-06T22:03:07Z</time></trkpt><trkpt lat="36.9088507" lon="137.9748615"><ele>1566.7137202765737</ele><time>2025-09-06T22:03:40Z</time></trkpt><trkpt lat="36.9088766" lon="137.9746189"><ele>1568.4733345718635</ele><time>2025-09-06T22:04:03Z</time></trkpt><trkpt lat="36.9090209" lon="137.9744832"><ele>1565.3702477277566</ele><time>2025-09-06T22:05:03Z</time></trkpt><trkpt lat="36.9090999" lon="137.9742693"><ele>1563.9624859684918</ele><time>2025-09-06T22:06:02Z</time></trkpt><trkpt lat="36.9092335" lon="137.9740833"><ele>1563.7032014141453</ele><time>2025-09-06T22:06:53Z</time></trkpt><trkpt lat="36.9092885" lon="137.9738635"><ele>1568.9822696302247</ele><time>2025-09-06T22:07:50Z</time></trkpt><trkpt lat="36.9093761" lon="137.9736664"><ele>1574.398652934696</ele><time>2025-09-06T22:08:47Z</time></trkpt><trkpt lat="36.9095208" lon="137.9735037"><ele>1580.9378062483186</ele><time>2025-09-06T22:09:44Z</time></trkpt><trkpt lat="36.9095364" lon="137.973257"><ele>1583.3514170063702</ele><time>2025-09-06T22:10:03Z</time></trkpt><trkpt lat="36.9096187" lon="137.9730339"><ele>1582.8134572316478</ele><time>2025-09-06T22:10:30Z</time></trkpt><trkpt lat="36.909661" lon="137.9728043"><ele>1581.4696789441307</ele><time>2025-09-06T22:11:06Z</time></trkpt><trkpt lat="36.909743" lon="137.9725838"><ele>1580.9499430437872</ele><time>2025-09-06T22:11:36Z</time></trkpt><trkpt lat="36.9097412" lon="137.9723502"><ele>1583.1445096935493</ele><time>2025-09-06T22:12:21Z</time></trkpt><trkpt lat="36.9097948" lon="137.9721297"><ele>1586.4431490714105</ele><time>2025-09-06T22:12:54Z</time></trkpt><trkpt lat="36.9098423" lon="137.9719061"><ele>1593.217573742783</ele><time>2025-09-06T22:13:48Z</time></trkpt><trkpt lat="36.909939" lon="137.971708"><ele>1598.3979879309948</ele><time>2025-09-06T22:14:27Z</time></trkpt><trkpt lat="36.9100397" lon="137.9714984"><ele>1603.9750014712336</ele><time>2025-09-06T22:15:21Z</time></trkpt><trkpt lat="36.9102044" lon="137.9713455"><ele>1608.0392641612314</ele><time>2025-09-06T22:15:51Z</time></trkpt><trkpt lat="36.9103153" lon="137.9711586"><ele>1612.967276070464</ele><time>2025-09-06T22:16:33Z</time></trkpt><trkpt lat="36.9103604" lon="137.9709368"><ele>1617.1917621299808</ele><time>2025-09-06T22:17:06Z</time></trkpt><trkpt lat="36.9103491" lon="137.9707117"><ele>1617.1994266631802</ele><time>2025-09-06T22:18:18Z</time></trkpt><trkpt lat="36.9102045" lon="137.9705464"><ele>1615.8267597676838</ele><time>2025-09-06T22:19:00Z</time></trkpt><trkpt lat="36.9101993" lon="137.9703187"><ele>1616.4280904434129</ele><time>2025-09-06T22:27:24Z</time></trkpt><trkpt lat="36.9101363" lon="137.9701063"><ele>1621.9920892106313</ele><time>2025-09-06T22:28:24Z</time></trkpt><trkpt lat="36.9101274" lon="137.9698757"><ele>1630.297250675431</ele><time>2025-09-06T22:29:39Z</time></trkpt><trkpt lat="36.9102259" lon="137.9696862"><ele>1637.3822175231305</ele><time>2025-09-06T22:30:27Z</time></trkpt><trkpt lat="36.9100423" lon="137.9696616"><ele>1645.27076881766</ele><time>2025-09-06T22:32:00Z</time></trkpt><trkpt lat="36.9098599" lon="137.9696416"><ele>1652.001155279202</ele><time>2025-09-06T22:32:51Z</time></trkpt><trkpt lat="36.9096826" lon="137.9695769"><ele>1660.1605382437995</ele><time>2025-09-06T22:33:54Z</time></trkpt><trkpt lat="36.9095181" lon="137.9694444"><ele>1667.486300064643</ele><time>2025-09-06T22:34:48Z</time></trkpt><trkpt lat="36.9093555" lon="137.9693457"><ele>1675.0305394379704</ele><time>2025-09-06T22:35:36Z</time></trkpt><trkpt lat="36.909228" lon="137.9691713"><ele>1681.7267289173406</ele><time>2025-09-06T22:36:24Z</time></trkpt><trkpt lat="36.9090788" lon="137.9690038"><ele>1689.164067094457</ele><time>2025-09-06T22:37:48Z</time></trkpt><trkpt lat="36.9089209" lon="137.9688917"><ele>1697.0314230156553</ele><time>2025-09-06T22:39:00Z</time></trkpt><trkpt lat="36.9087383" lon="137.9688336"><ele>1706.9117652615041</ele><time>2025-09-06T22:40:46Z</time></trkpt><trkpt lat="36.9086159" lon="137.9686574"><ele>1716.634348574173</ele><time>2025-09-06T22:41:52Z</time></trkpt><trkpt lat="36.9084598" lon="137.9685451"><ele>1726.4590431781419</ele><time>2025-09-06T22:43:13Z</time></trkpt><trkpt lat="36.9082835" lon="137.9684946"><ele>1735.7408981927736</ele><time>2025-09-06T22:45:07Z</time></trkpt><trkpt lat="36.9081099" lon="137.9685614"><ele>1744.116634069436</ele><time>2025-09-06T22:46:19Z</time></trkpt><trkpt lat="36.9079241" lon="137.9685937"><ele>1751.1436017917822</ele><time>2025-09-06T22:47:37Z</time></trkpt><trkpt lat="36.9077408" lon="137.9685534"><ele>1757.1453320018725</ele><time>2025-09-06T22:48:52Z</time></trkpt><trkpt lat="36.9076621" lon="137.9683505"><ele>1764.6076188954855</ele><time>2025-09-06T22:50:13Z</time></trkpt><trkpt lat="36.907684" lon="137.9681242"><ele>1774.8427256735886</ele><time>2025-09-06T22:52:25Z</time></trkpt><trkpt lat="36.9076435" lon="137.9679016"><ele>1786.5406112751905</ele><time>2025-09-06T22:54:25Z</time></trkpt><trkpt lat="36.907466" lon="137.9678615"><ele>1798.2441101299582</ele><time>2025-09-06T22:56:16Z</time></trkpt><trkpt lat="36.9072859" lon="137.9677983"><ele>1809.879721333</ele><time>2025-09-06T22:59:43Z</time></trkpt><trkpt lat="36.9071257" lon="137.9676791"><ele>1820.7429262642725</ele><time>2025-09-06T23:01:25Z</time></trkpt><trkpt lat="36.9069451" lon="137.9676148"><ele>1830.698910804835</ele><time>2025-09-06T23:02:28Z</time></trkpt><trkpt lat="36.9067735" lon="137.9675374"><ele>1839.39472721108</ele><time>2025-09-06T23:03:42Z</time></trkpt><trkpt lat="36.9065987" lon="137.9674611"><ele>1848.891502061418</ele><time>2025-09-06T23:05:32Z</time></trkpt><trkpt lat="36.9064121" lon="137.9674715"><ele>1858.5816614501425</ele><time>2025-09-06T23:06:29Z</time></trkpt><trkpt lat="36.9062437" lon="137.9673626"><ele>1866.4035985929938</ele><time>2025-09-06T23:07:26Z</time></trkpt><trkpt lat="36.9060849" lon="137.9672518"><ele>1871.6980752737948</ele><time>2025-09-06T23:08:26Z</time></trkpt><trkpt lat="36.9059151" lon="137.9671748"><ele>1877.1211969662588</ele><time>2025-09-06T23:09:47Z</time></trkpt><trkpt lat="36.9057359" lon="137.967106"><ele>1886.1504306397512</ele><time>2025-09-06T23:12:08Z</time></trkpt><trkpt lat="36.9055852" lon="137.9669807"><ele>1893.378271874493</ele><time>2025-09-06T23:12:41Z</time></trkpt><trkpt lat="36.9055074" lon="137.9667711"><ele>1895.2522144522948</ele><time>2025-09-06T23:24:12Z</time></trkpt><trkpt lat="36.9055173" lon="137.9665412"><ele>1891.3704660458773</ele><time>2025-09-06T23:24:42Z</time></trkpt><trkpt lat="36.9053538" lon="137.9664089"><ele>1887.014888179969</ele><time>2025-09-06T23:25:15Z</time></trkpt><trkpt lat="36.9051567" lon="137.966392"><ele>1885.8256208546773</ele><time>2025-09-06T23:25:51Z</time></trkpt><trkpt lat="36.9049928" lon="137.9662673"><ele>1885.4814229822505</ele><time>2025-09-06T23:26:17Z</time></trkpt><trkpt lat="36.9049204" lon="137.96604"><ele>1887.456805542209</ele><time>2025-09-06T23:27:03Z</time></trkpt><trkpt lat="36.9048182" lon="137.9658419"><ele>1888.75630899146</ele><time>2025-09-06T23:27:27Z</time></trkpt><trkpt lat="36.904688" lon="137.9656744"><ele>1888.6138831871701</ele><time>2025-09-06T23:28:00Z</time></trkpt><trkpt lat="36.9045349" lon="137.9655054"><ele>1884.283335167748</ele><time>2025-09-06T23:28:48Z</time></trkpt><trkpt lat="36.9044485" lon="137.9652947"><ele>1882.7767558472513</ele><time>2025-09-06T23:29:51Z</time></trkpt><trkpt lat="36.9043948" lon="137.9650766"><ele>1884.4320964490228</ele><time>2025-09-06T23:30:33Z</time></trkpt><trkpt lat="36.9043515" lon="137.9648454"><ele>1888.8961398041756</ele><time>2025-09-06T23:31:12Z</time></trkpt><trkpt lat="36.9044435" lon="137.9646394"><ele>1890.9407545481854</ele><time>2025-09-06T23:31:39Z</time></trkpt><trkpt lat="36.9044236" lon="137.9644105"><ele>1891.4460220656258</ele><time>2025-09-06T23:32:00Z</time></trkpt><trkpt lat="36.9043147" lon="137.964229"><ele>1893.1896199917012</ele><time>2025-09-06T23:32:42Z</time></trkpt><trkpt lat="36.9041688" lon="137.9640719"><ele>1895.6438877771477</ele><time>2025-09-06T23:33:09Z</time></trkpt><trkpt lat="36.9040373" lon="137.9639088"><ele>1897.9658581605381</ele><time>2025-09-06T23:33:42Z</time></trkpt><trkpt lat="36.9038806" lon="137.9637427"><ele>1897.6570982908515</ele><time>2025-09-06T23:34:27Z</time></trkpt><trkpt lat="36.903753" lon="137.963572"><ele>1895.1696109279183</ele><time>2025-09-06T23:35:00Z</time></trkpt><trkpt lat="36.9035871" lon="137.9634774"><ele>1892.2486054093806</ele><time>2025-09-06T23:35:36Z</time></trkpt><trkpt lat="36.903411" lon="137.9633843"><ele>1891.3729780271617</ele><time>2025-09-06T23:36:15Z</time></trkpt><trkpt lat="36.9032316" lon="137.9634518"><ele>1891.7756863458335</ele><time>2025-09-06T23:36:54Z</time></trkpt><trkpt lat="36.9030427" lon="137.9634634"><ele>1894.2583471357912</ele><time>2025-09-06T23:37:39Z</time></trkpt><trkpt lat="36.9028602" lon="137.9635061"><ele>1894.5392358990728</ele><time>2025-09-06T23:38:39Z</time></trkpt><trkpt lat="36.9026731" lon="137.9634112"><ele>1893.3840949531113</ele><time>2025-09-06T23:39:24Z</time></trkpt><trkpt lat="36.902621" lon="137.9631889"><ele>1892.4086304347372</ele><time>2025-09-06T23:40:30Z</time></trkpt><trkpt lat="36.9025479" lon="137.9629814"><ele>1897.2990637526239</ele><time>2025-09-06T23:42:12Z</time></trkpt><trkpt lat="36.9024798" lon="137.9627704"><ele>1909.1411683946292</ele><time>2025-09-06T23:45:12Z</time></trkpt><trkpt lat="36.9023544" lon="137.9626075"><ele>1923.162609166632</ele><time>2025-09-06T23:47:59Z</time></trkpt><trkpt lat="36.90226" lon="137.9624079"><ele>1936.0675477969114</ele><time>2025-09-06T23:49:35Z</time></trkpt><trkpt lat="36.9020777" lon="137.9624714"><ele>1945.3398186368831</ele><time>2025-09-06T23:50:56Z</time></trkpt><trkpt lat="36.9021494" lon="137.9622397"><ele>1953.0857821818202</ele><time>2025-09-07T00:03:09Z</time></trkpt><trkpt lat="36.9022545" lon="137.9624409"><ele>1955.0654297892258</ele><time>2025-09-07T00:04:58Z</time></trkpt><trkpt lat="36.9023244" lon="137.9626623"><ele>1950.6902380255922</ele><time>2025-09-07T00:06:09Z</time></trkpt><trkpt lat="36.9024668" lon="137.9628075"><ele>1939.0852112095806</ele><time>2025-09-07T00:07:48Z</time></trkpt><trkpt lat="36.9025773" lon="137.9629848"><ele>1924.098403969485</ele><time>2025-09-07T00:09:54Z</time></trkpt><trkpt lat="36.9026363" lon="137.9632086"><ele>1908.79609452943</ele><time>2025-09-07T00:11:24Z</time></trkpt><trkpt lat="36.9027384" lon="137.9633987"><ele>1896.539831243641</ele><time>2025-09-07T00:12:14Z</time></trkpt><trkpt lat="36.9028986" lon="137.9635345"><ele>1891.2298030068766</ele><time>2025-09-07T00:12:56Z</time></trkpt><trkpt lat="36.9030909" lon="137.9634875"><ele>1891.362652291239</ele><time>2025-09-07T00:13:23Z</time></trkpt><trkpt lat="36.9032688" lon="137.9634512"><ele>1891.944487864409</ele><time>2025-09-07T00:13:41Z</time></trkpt><trkpt lat="36.9034531" lon="137.9634433"><ele>1891.0924156622848</ele><time>2025-09-07T00:14:05Z</time></trkpt><trkpt lat="36.9036086" lon="137.9635642"><ele>1888.5172484050593</ele><time>2025-09-07T00:14:25Z</time></trkpt><trkpt lat="36.9037819" lon="137.9636802"><ele>1887.8153592780573</ele><time>2025-09-07T00:14:49Z</time></trkpt><trkpt lat="36.9039505" lon="137.9638122"><ele>1888.173197493711</ele><time>2025-09-07T00:15:22Z</time></trkpt><trkpt lat="36.9040915" lon="137.9639942"><ele>1890.8405536866715</ele><time>2025-09-07T00:15:55Z</time></trkpt><trkpt lat="36.9042328" lon="137.9641471"><ele>1893.0455183428285</ele><time>2025-09-07T00:16:19Z</time></trkpt><trkpt lat="36.9043686" lon="137.9643045"><ele>1893.3532796498484</ele><time>2025-09-07T00:16:46Z</time></trkpt><trkpt lat="36.9044541" lon="137.9645355"><ele>1891.1533133158016</ele><time>2025-09-07T00:17:13Z</time></trkpt><trkpt lat="36.9044579" lon="137.9647728"><ele>1888.4036840271756</ele><time>2025-09-07T00:17:33Z</time></trkpt><trkpt lat="36.9043737" lon="137.9649785"><ele>1886.4746169742273</ele><time>2025-09-07T00:18:04Z</time></trkpt><trkpt lat="36.9044272" lon="137.9651982"><ele>1885.1556825690834</ele><time>2025-09-07T00:18:40Z</time></trkpt><trkpt lat="36.9044771" lon="137.9654152"><ele>1883.0365430019272</ele><time>2025-09-07T00:19:17Z</time></trkpt><trkpt lat="36.9046085" lon="137.9655825"><ele>1878.5874929973595</ele><time>2025-09-07T00:20:05Z</time></trkpt><trkpt lat="36.9047615" lon="137.9657433"><ele>1877.0527414831388</ele><time>2025-09-07T00:20:53Z</time></trkpt><trkpt lat="36.9048649" lon="137.9659282"><ele>1878.3447553999104</ele><time>2025-09-07T00:21:32Z</time></trkpt><trkpt lat="36.9049482" lon="137.9661296"><ele>1882.4558521645383</ele><time>2025-09-07T00:21:53Z</time></trkpt><trkpt lat="36.9050629" lon="137.9663352"><ele>1882.2327921307399</ele><time>2025-09-07T00:22:44Z</time></trkpt><trkpt lat="36.9052338" lon="137.9664626"><ele>1880.7574807668077</ele><time>2025-09-07T00:23:08Z</time></trkpt><trkpt lat="36.9054399" lon="137.9664466"><ele>1878.65273681971</ele><time>2025-09-07T00:23:41Z</time></trkpt><trkpt lat="36.9055144" lon="137.9666791"><ele>1879.7111973300398</ele><time>2025-09-07T00:24:15Z</time></trkpt><trkpt lat="36.9055533" lon="137.9669218"><ele>1882.0404552223654</ele><time>2025-09-07T00:24:51Z</time></trkpt><trkpt lat="36.9055406" lon="137.9671647"><ele>1886.8538550557441</ele><time>2025-09-07T00:34:48Z</time></trkpt><trkpt lat="36.9054905" lon="137.9674013"><ele>1889.5820369490918</ele><time>2025-09-07T00:35:18Z</time></trkpt><trkpt lat="36.9054363" lon="137.9676343"><ele>1886.6915007897994</ele><time>2025-09-07T00:36:18Z</time></trkpt><trkpt lat="36.9052845" lon="137.9677836"><ele>1879.0499885627187</ele><time>2025-09-07T00:37:00Z</time></trkpt><trkpt lat="36.9051938" lon="137.967988"><ele>1868.3326198998668</ele><time>2025-09-07T00:38:06Z</time></trkpt><trkpt lat="36.9051762" lon="137.9682209"><ele>1855.745654606827</ele><time>2025-09-07T00:39:42Z</time></trkpt><trkpt lat="36.9051946" lon="137.9684487"><ele>1840.743651786812</ele><time>2025-09-07T00:40:54Z</time></trkpt><trkpt lat="36.905151" lon="137.9686811"><ele>1827.2225241755025</ele><time>2025-09-07T00:41:27Z</time></trkpt><trkpt lat="36.9050909" lon="137.9688986"><ele>1814.5139137441302</ele><time>2025-09-07T00:43:18Z</time></trkpt><trkpt lat="36.9050488" lon="137.969118"><ele>1802.4744698417144</ele><time>2025-09-07T00:44:42Z</time></trkpt><trkpt lat="36.9049614" lon="137.9693191"><ele>1789.943702408411</ele><time>2025-09-07T00:45:33Z</time></trkpt><trkpt lat="36.9048987" lon="137.9695467"><ele>1780.6344285429475</ele><time>2025-09-07T00:46:00Z</time></trkpt><trkpt lat="36.9048599" lon="137.9697751"><ele>1772.848600992914</ele><time>2025-09-07T00:46:51Z</time></trkpt><trkpt lat="36.9046846" lon="137.969878"><ele>1762.224426921304</ele><time>2025-09-07T00:48:24Z</time></trkpt><trkpt lat="36.9045761" lon="137.9700614"><ele>1749.670802603874</ele><time>2025-09-07T00:49:15Z</time></trkpt><trkpt lat="36.9044897" lon="137.9702725"><ele>1738.5364929847522</ele><time>2025-09-07T00:50:09Z</time></trkpt><trkpt lat="36.9044743" lon="137.9704983"><ele>1730.3155435464341</ele><time>2025-09-07T00:50:54Z</time></trkpt><trkpt lat="36.9043743" lon="137.9706853"><ele>1719.8014534242805</ele><time>2025-09-07T00:52:27Z</time></trkpt><trkpt lat="36.9042424" lon="137.9708441"><ele>1706.0050745885171</ele><time>2025-09-07T00:53:45Z</time></trkpt><trkpt lat="36.9041028" lon="137.9710061"><ele>1691.8218601781298</ele><time>2025-09-07T00:54:39Z</time></trkpt><trkpt lat="36.9039135" lon="137.970974"><ele>1679.6676080305667</ele><time>2025-09-07T00:55:28Z</time></trkpt><trkpt lat="36.9037909" lon="137.9711407"><ele>1667.717732647403</ele><time>2025-09-07T00:56:33Z</time></trkpt><trkpt lat="36.9036088" lon="137.9711749"><ele>1654.7996679118205</ele><time>2025-09-07T00:57:57Z</time></trkpt><trkpt lat="36.9034358" lon="137.9712491"><ele>1643.5524860055575</ele><time>2025-09-07T00:59:24Z</time></trkpt><trkpt lat="36.9033496" lon="137.9714467"><ele>1634.480821145591</ele><time>2025-09-07T01:00:06Z</time></trkpt><trkpt lat="36.9031686" lon="137.9715068"><ele>1626.2415137889068</ele><time>2025-09-07T01:01:10Z</time></trkpt><trkpt lat="36.9030464" lon="137.9716881"><ele>1616.4682746690994</ele><time>2025-09-07T01:02:16Z</time></trkpt><trkpt lat="36.9028622" lon="137.9717393"><ele>1605.7691132341508</ele><time>2025-09-07T01:03:21Z</time></trkpt><trkpt lat="36.9026778" lon="137.9718164"><ele>1594.850390195161</ele><time>2025-09-07T01:04:36Z</time></trkpt><trkpt lat="36.9025191" lon="137.9719426"><ele>1584.2406245191949</ele><time>2025-09-07T01:05:28Z</time></trkpt><trkpt lat="36.9023334" lon="137.9719465"><ele>1572.9821255274135</ele><time>2025-09-07T01:06:27Z</time></trkpt><trkpt lat="36.9021674" lon="137.9720674"><ele>1562.3792524393505</ele><time>2025-09-07T01:07:11Z</time></trkpt><trkpt lat="36.901987" lon="137.9720691"><ele>1553.6689165389978</ele><time>2025-09-07T01:07:48Z</time></trkpt><trkpt lat="36.9018012" lon="137.9720149"><ele>1541.8950693306688</ele><time>2025-09-07T01:09:23Z</time></trkpt><trkpt lat="36.9016225" lon="137.9720884"><ele>1529.1907847793416</ele><time>2025-09-07T01:10:28Z</time></trkpt><trkpt lat="36.9014492" lon="137.9721616"><ele>1514.6543516283673</ele><time>2025-09-07T01:11:35Z</time></trkpt><trkpt lat="36.9012776" lon="137.9722415"><ele>1503.0634439627659</ele><time>2025-09-07T01:12:39Z</time></trkpt><trkpt lat="36.9011304" lon="137.9721072"><ele>1490.5280354738618</ele><time>2025-09-07T01:13:48Z</time></trkpt><trkpt lat="36.9009605" lon="137.9720231"><ele>1477.127396425507</ele><time>2025-09-07T01:14:56Z</time></trkpt><trkpt lat="36.9007802" lon="137.9720586"><ele>1464.9918981531002</ele><time>2025-09-07T01:15:41Z</time></trkpt><trkpt lat="36.9006295" lon="137.9722088"><ele>1454.6972669982904</ele><time>2025-09-07T01:16:36Z</time></trkpt><trkpt lat="36.9004504" lon="137.9721176"><ele>1446.2237036922252</ele><time>2025-09-07T01:25:46Z</time></trkpt><trkpt lat="36.9002881" lon="137.9722162"><ele>1440.2946831612887</ele><time>2025-09-07T01:26:15Z</time></trkpt><trkpt lat="36.9001036" lon="137.9721676"><ele>1440.237940379684</ele><time>2025-09-07T01:27:22Z</time></trkpt><trkpt lat="36.8999103" lon="137.9721639"><ele>1444.294078932183</ele><time>2025-09-07T01:28:03Z</time></trkpt><trkpt lat="36.8997417" lon="137.9720603"><ele>1450.0720560519928</ele><time>2025-09-07T01:28:43Z</time></trkpt><trkpt lat="36.8995716" lon="137.9719835"><ele>1457.0839914566595</ele><time>2025-09-07T01:30:16Z</time></trkpt><trkpt lat="36.8993908" lon="137.9719507"><ele>1465.7769257914897</ele><time>2025-09-07T01:31:27Z</time></trkpt><trkpt lat="36.8992378" lon="137.9720763"><ele>1474.4755396571688</ele><time>2025-09-07T01:32:12Z</time></trkpt><trkpt lat="36.8990796" lon="137.9721847"><ele>1479.791777237654</ele><time>2025-09-07T01:32:57Z</time></trkpt><trkpt lat="36.8989755" lon="137.972392"><ele>1482.5702428403463</ele><time>2025-09-07T01:33:28Z</time></trkpt><trkpt lat="36.8988543" lon="137.9725678"><ele>1486.293421836864</ele><time>2025-09-07T01:34:25Z</time></trkpt><trkpt lat="36.8986752" lon="137.9726212"><ele>1492.4857178011116</ele><time>2025-09-07T01:35:28Z</time></trkpt><trkpt lat="36.8985099" lon="137.9725179"><ele>1498.7392015507849</ele><time>2025-09-07T01:36:01Z</time></trkpt><trkpt lat="36.8983013" lon="137.9725248"><ele>1502.6516693554286</ele><time>2025-09-07T01:36:24Z</time></trkpt><trkpt lat="36.8981102" lon="137.9725457"><ele>1503.7093861669603</ele><time>2025-09-07T01:36:45Z</time></trkpt><trkpt lat="36.8979301" lon="137.9724881"><ele>1504.0121875921986</ele><time>2025-09-07T01:37:06Z</time></trkpt><trkpt lat="36.897753" lon="137.9724381"><ele>1504.3517549539256</ele><time>2025-09-07T01:37:27Z</time></trkpt><trkpt lat="36.8975696" lon="137.9724239"><ele>1504.0933983808582</ele><time>2025-09-07T01:37:51Z</time></trkpt><trkpt lat="36.8973878" lon="137.9724159"><ele>1503.0386013833731</ele><time>2025-09-07T01:38:18Z</time></trkpt><trkpt lat="36.8972502" lon="137.9722563"><ele>1498.690801404804</ele><time>2025-09-07T01:39:09Z</time></trkpt><trkpt lat="36.8972521" lon="137.9720307"><ele>1491.2334058499735</ele><time>2025-09-07T01:40:34Z</time></trkpt><trkpt lat="36.8971068" lon="137.9718769"><ele>1482.3747210991394</ele><time>2025-09-07T01:41:28Z</time></trkpt><trkpt lat="36.8969271" lon="137.9719094"><ele>1474.061621605971</ele><time>2025-09-07T01:42:15Z</time></trkpt><trkpt lat="36.8967371" lon="137.9719537"><ele>1466.5571776787046</ele><time>2025-09-07T01:42:51Z</time></trkpt><trkpt lat="36.8965514" lon="137.9718757"><ele>1461.014346254968</ele><time>2025-09-07T01:43:12Z</time></trkpt><trkpt lat="36.8963763" lon="137.9719323"><ele>1457.5455635002183</ele><time>2025-09-07T01:43:35Z</time></trkpt><trkpt lat="36.8962226" lon="137.9720655"><ele>1454.5622765032988</ele><time>2025-09-07T01:44:24Z</time></trkpt><trkpt lat="36.8960459" lon="137.9719813"><ele>1451.416887260838</ele><time>2025-09-07T01:44:47Z</time></trkpt><trkpt lat="36.8958652" lon="137.9720082"><ele>1446.7051561635408</ele><time>2025-09-07T01:45:31Z</time></trkpt><trkpt lat="36.8957032" lon="137.9719062"><ele>1441.223259310579</ele><time>2025-09-07T01:46:30Z</time></trkpt><trkpt lat="36.8955266" lon="137.9718445"><ele>1434.4859025367543</ele><time>2025-09-07T01:47:12Z</time></trkpt><trkpt lat="36.8953572" lon="137.9717297"><ele>1429.1268810545516</ele><time>2025-09-07T01:47:37Z</time></trkpt><trkpt lat="36.8951883" lon="137.9716109"><ele>1426.106767284323</ele><time>2025-09-07T01:48:33Z</time></trkpt><trkpt lat="36.8950071" lon="137.9716103"><ele>1423.9413691769914</ele><time>2025-09-07T01:49:00Z</time></trkpt><trkpt lat="36.8948627" lon="137.9717559"><ele>1420.225413900134</ele><time>2025-09-07T01:49:39Z</time></trkpt><trkpt lat="36.8946943" lon="137.9718638"><ele>1414.936958503308</ele><time>2025-09-07T01:50:23Z</time></trkpt><trkpt lat="36.8945036" lon="137.9718713"><ele>1409.180425488871</ele><time>2025-09-07T01:50:57Z</time></trkpt><trkpt lat="36.8943202" lon="137.9718817"><ele>1404.710031750318</ele><time>2025-09-07T01:51:21Z</time></trkpt><trkpt lat="36.8941517" lon="137.971972"><ele>1401.259046613682</ele><time>2025-09-07T01:51:51Z</time></trkpt><trkpt lat="36.8940062" lon="137.9721404"><ele>1396.3384346426794</ele><time>2025-09-07T01:52:51Z</time></trkpt><trkpt lat="36.8938321" lon="137.972218"><ele>1391.7752740619087</ele><time>2025-09-07T01:53:19Z</time></trkpt><trkpt lat="36.8937513" lon="137.9724266"><ele>1385.8528746412446</ele><time>2025-09-07T01:54:03Z</time></trkpt><trkpt lat="36.8935982" lon="137.9725589"><ele>1380.719324732185</ele><time>2025-09-07T01:54:48Z</time></trkpt><trkpt lat="36.8934521" lon="137.9726951"><ele>1375.378855291193</ele><time>2025-09-07T01:55:15Z</time></trkpt><trkpt lat="36.8933397" lon="137.972902"><ele>1371.3960439029877</ele><time>2025-09-07T01:55:54Z</time></trkpt><trkpt lat="36.8932097" lon="137.9730789"><ele>1368.5325906024998</ele><time>2025-09-07T01:56:23Z</time></trkpt><trkpt lat="36.8930285" lon="137.9731367"><ele>1365.0327942478389</ele><time>2025-09-07T01:56:59Z</time></trkpt><trkpt lat="36.8928595" lon="137.9732284"><ele>1360.9597895040306</ele><time>2025-09-07T01:57:39Z</time></trkpt><trkpt lat="36.8926794" lon="137.9732751"><ele>1355.768121511998</ele><time>2025-09-07T01:58:11Z</time></trkpt><trkpt lat="36.8924867" lon="137.973296"><ele>1351.113148604384</ele><time>2025-09-07T01:58:59Z</time></trkpt><trkpt lat="36.8923975" lon="137.9735131"><ele>1345.659402410198</ele><time>2025-09-07T01:59:59Z</time></trkpt><trkpt lat="36.8922163" lon="137.9736007"><ele>1341.5177041290253</ele><time>2025-09-07T02:00:22Z</time></trkpt><trkpt lat="36.8920233" lon="137.9737104"><ele>1339.0969516722355</ele><time>2025-09-07T02:00:46Z</time></trkpt><trkpt lat="36.8918325" lon="137.9737447"><ele>1339.3594161272067</ele><time>2025-09-07T02:01:13Z</time></trkpt><trkpt lat="36.8916499" lon="137.9737949"><ele>1338.718333580895</ele><time>2025-09-07T02:02:07Z</time></trkpt><trkpt lat="36.8914653" lon="137.97378"><ele>1332.890823325398</ele><time>2025-09-07T02:03:28Z</time></trkpt><trkpt lat="36.8912964" lon="137.9738856"><ele>1324.18285237939</ele><time>2025-09-07T02:04:27Z</time></trkpt><trkpt lat="36.8911143" lon="137.9739421"><ele>1313.9196105739447</ele><time>2025-09-07T02:05:22Z</time></trkpt><trkpt lat="36.8909578" lon="137.9740784"><ele>1303.7874862481851</ele><time>2025-09-07T02:06:42Z</time></trkpt><trkpt lat="36.8907966" lon="137.9742114"><ele>1292.3367298026235</ele><time>2025-09-07T02:07:55Z</time></trkpt><trkpt lat="36.8906297" lon="137.9743083"><ele>1282.106369742961</ele><time>2025-09-07T02:08:39Z</time></trkpt><trkpt lat="36.8904672" lon="137.9744063"><ele>1272.1540472944944</ele><time>2025-09-07T02:09:51Z</time></trkpt><trkpt lat="36.890294" lon="137.9745266"><ele>1260.4919479801406</ele><time>2025-09-07T02:13:41Z</time></trkpt><trkpt lat="36.8901089" lon="137.9745358"><ele>1248.68343164566</ele><time>2025-09-07T02:14:16Z</time></trkpt><trkpt lat="36.889976" lon="137.9747001"><ele>1237.988751248081</ele><time>2025-09-07T02:14:59Z</time></trkpt><trkpt lat="36.8898655" lon="137.974882"><ele>1230.0443003638409</ele><time>2025-09-07T02:15:37Z</time></trkpt><trkpt lat="36.8897172" lon="137.9750172"><ele>1222.5897146513498</ele><time>2025-09-07T02:16:10Z</time></trkpt><trkpt lat="36.8895366" lon="137.9750953"><ele>1216.9246170765166</ele><time>2025-09-07T02:16:44Z</time></trkpt><trkpt lat="36.8893914" lon="137.975284"><ele>1212.7612686749253</ele><time>2025-09-07T02:17:16Z</time></trkpt><trkpt lat="36.8892051" lon="137.9753998"><ele>1209.4655170012559</ele><time>2025-09-07T02:17:39Z</time></trkpt><trkpt lat="36.8890159" lon="137.9753985"><ele>1204.489143675023</ele><time>2025-09-07T02:18:25Z</time></trkpt><trkpt lat="36.8888284" lon="137.9753437"><ele>1199.3143330605144</ele><time>2025-09-07T02:19:03Z</time></trkpt><trkpt lat="36.8886484" lon="137.9753797"><ele>1192.6404857632067</ele><time>2025-09-07T02:19:47Z</time></trkpt><trkpt lat="36.8885125" lon="137.9755667"><ele>1184.5710463450077</ele><time>2025-09-07T02:21:02Z</time></trkpt><trkpt lat="36.8883307" lon="137.9756038"><ele>1174.8009244770712</ele><time>2025-09-07T02:21:59Z</time></trkpt><trkpt lat="36.888363" lon="137.9758266"><ele>1163.7584623239268</ele><time>2025-09-07T02:23:01Z</time></trkpt><trkpt lat="36.8881658" lon="137.9757799"><ele>1155.0434174409918</ele><time>2025-09-07T02:23:44Z</time></trkpt><trkpt lat="36.8880589" lon="137.9755857"><ele>1149.801570052209</ele><time>2025-09-07T02:24:00Z</time></trkpt><trkpt lat="36.8878625" lon="137.9755496"><ele>1147.9920860796115</ele><time>2025-09-07T02:24:21Z</time></trkpt><trkpt lat="36.8876662" lon="137.9755488"><ele>1147.5524178097069</ele><time>2025-09-07T02:24:38Z</time></trkpt><trkpt lat="36.8874797" lon="137.9755195"><ele>1147.140411283026</ele><time>2025-09-07T02:24:59Z</time></trkpt><trkpt lat="36.8873158" lon="137.9756164"><ele>1146.694961501542</ele><time>2025-09-07T02:25:19Z</time></trkpt><trkpt lat="36.8871196" lon="137.9756001"><ele>1146.6315748863724</ele><time>2025-09-07T02:25:40Z</time></trkpt><trkpt lat="36.8869406" lon="137.9756845"><ele>1146.1597717177162</ele><time>2025-09-07T02:26:03Z</time></trkpt><trkpt lat="36.8867421" lon="137.9756749"><ele>1145.5833832120554</ele><time>2025-09-07T02:26:22Z</time></trkpt><trkpt lat="36.8865645" lon="137.9755508"><ele>1144.758538246869</ele><time>2025-09-07T02:26:39Z</time></trkpt><trkpt lat="36.8864622" lon="137.9753244"><ele>1144.1740836407507</ele><time>2025-09-07T02:27:01Z</time></trkpt><trkpt lat="36.8863515" lon="137.9751367"><ele>1143.3800798467398</ele><time>2025-09-07T02:27:18Z</time></trkpt><trkpt lat="36.8862488" lon="137.974923"><ele>1142.8630207503381</ele><time>2025-09-07T02:27:38Z</time></trkpt><trkpt lat="36.8860456" lon="137.9749628"><ele>1142.1168569429174</ele><time>2025-09-07T02:28:01Z</time></trkpt><trkpt lat="36.8858724" lon="137.9750965"><ele>1141.9027836359035</ele><time>2025-09-07T02:28:21Z</time></trkpt><trkpt lat="36.8857512" lon="137.9752656"><ele>1141.2748311946823</ele><time>2025-09-07T02:28:36Z</time></trkpt><trkpt lat="36.8855713" lon="137.9751986"><ele>1140.7878097777686</ele><time>2025-09-07T02:28:53Z</time></trkpt><trkpt lat="36.8854229" lon="137.9750441"><ele>1140.164218386597</ele><time>2025-09-07T02:29:10Z</time></trkpt><trkpt lat="36.8852533" lon="137.9749125"><ele>1139.6994165696726</ele><time>2025-09-07T02:29:31Z</time></trkpt><trkpt lat="36.8850611" lon="137.9748077"><ele>1139.074203313042</ele><time>2025-09-07T02:29:52Z</time></trkpt><trkpt lat="36.8849881" lon="137.9746011"><ele>1138.217291829869</ele><time>2025-09-07T02:30:10Z</time></trkpt><trkpt lat="36.8848346" lon="137.9744644"><ele>1137.532841985829</ele><time>2025-09-07T02:30:30Z</time></trkpt><trkpt lat="36.8846522" lon="137.9744315"><ele>1137.0168494226075</ele><time>2025-09-07T02:30:47Z</time></trkpt><trkpt lat="36.884457" lon="137.9744852"><ele>1136.7395508411812</ele><time>2025-09-07T02:31:09Z</time></trkpt><trkpt lat="36.8842533" lon="137.9744878"><ele>1136.758058419392</ele><time>2025-09-07T02:31:29Z</time></trkpt><trkpt lat="36.8840792" lon="137.9745628"><ele>1136.877870439754</ele><time>2025-09-07T02:31:50Z</time></trkpt><trkpt lat="36.8839101" lon="137.9744506"><ele>1137.674507280274</ele><time>2025-09-07T02:32:26Z</time></trkpt><trkpt lat="36.8838261" lon="137.9742146"><ele>1139.381470432976</ele><time>2025-09-07T02:32:56Z</time></trkpt><trkpt lat="36.8837143" lon="137.974036"><ele>1140.9492241825062</ele><time>2025-09-07T02:33:13Z</time></trkpt><trkpt lat="36.883545" lon="137.9738973"><ele>1142.23092351511</ele><time>2025-09-07T02:33:35Z</time></trkpt><trkpt lat="36.8834079" lon="137.9737289"><ele>1143.4837673538916</ele><time>2025-09-07T02:34:02Z</time></trkpt><trkpt lat="36.8832165" lon="137.9736497"><ele>1145.6314494767203</ele><time>2025-09-07T02:34:32Z</time></trkpt><trkpt lat="36.8830236" lon="137.9735774"><ele>1147.4572188454786</ele><time>2025-09-07T02:34:54Z</time></trkpt><trkpt lat="36.8828645" lon="137.9736851"><ele>1149.8066964774778</ele><time>2025-09-07T02:35:23Z</time></trkpt><trkpt lat="36.8827249" lon="137.9738301"><ele>1151.5844160762206</ele><time>2025-09-07T02:35:44Z</time></trkpt><trkpt lat="36.8825663" lon="137.9740043"><ele>1153.2711228104524</ele><time>2025-09-07T02:36:04Z</time></trkpt><trkpt lat="36.8824268" lon="137.9741472"><ele>1154.1060024643148</ele><time>2025-09-07T02:37:11Z</time></trkpt><trkpt lat="36.8823197" lon="137.9743288"><ele>1154.8271063276252</ele><time>2025-09-07T02:37:41Z</time></trkpt><trkpt lat="36.8821629" lon="137.9745013"><ele>1155.596803552809</ele><time>2025-09-07T02:37:57Z</time></trkpt><trkpt lat="36.8819901" lon="137.9746271"><ele>1155.3176264325868</ele><time>2025-09-07T02:38:14Z</time></trkpt><trkpt lat="36.8818172" lon="137.9747539"><ele>1154.9509979724405</ele><time>2025-09-07T02:38:32Z</time></trkpt><trkpt lat="36.8816456" lon="137.9748747"><ele>1154.279186172684</ele><time>2025-09-07T02:38:49Z</time></trkpt><trkpt lat="36.8815093" lon="137.9750569"><ele>1153.4967175511554</ele><time>2025-09-07T02:39:06Z</time></trkpt><trkpt lat="36.8813656" lon="137.9752166"><ele>1152.4249466568367</ele><time>2025-09-07T02:39:24Z</time></trkpt><trkpt lat="36.8812127" lon="137.9753655"><ele>1151.6397905341119</ele><time>2025-09-07T02:39:41Z</time></trkpt><trkpt lat="36.8810248" lon="137.9754032"><ele>1150.9271698404027</ele><time>2025-09-07T02:39:56Z</time></trkpt><trkpt lat="36.8808408" lon="137.9754753"><ele>1150.156036088115</ele><time>2025-09-07T02:40:12Z</time></trkpt><trkpt lat="36.8806604" lon="137.9755628"><ele>1149.249342441469</ele><time>2025-09-07T02:40:27Z</time></trkpt><trkpt lat="36.8804737" lon="137.9755961"><ele>1148.2232782493459</ele><time>2025-09-07T02:40:41Z</time></trkpt><trkpt lat="36.8802888" lon="137.9756037"><ele>1147.0366344480663</ele><time>2025-09-07T02:40:56Z</time></trkpt><trkpt lat="36.8801729" lon="137.9758021"><ele>1145.3937248557568</ele><time>2025-09-07T02:41:15Z</time></trkpt><trkpt lat="36.8801246" lon="137.9760422"><ele>1143.6752051703054</ele><time>2025-09-07T02:41:34Z</time></trkpt><trkpt lat="36.8798981" lon="137.9760325"><ele>1142.1356577055292</ele><time>2025-09-07T02:41:43Z</time></trkpt><trkpt lat="36.8797044" lon="137.9759822"><ele>1140.6347917076964</ele><time>2025-09-07T02:41:59Z</time></trkpt><trkpt lat="36.8795102" lon="137.9759295"><ele>1139.137987403991</ele><time>2025-09-07T02:42:16Z</time></trkpt><trkpt lat="36.8793261" lon="137.9759258"><ele>1137.4529351377098</ele><time>2025-09-07T02:42:31Z</time></trkpt><trkpt lat="36.8791922" lon="137.9761107"><ele>1135.7508095294493</ele><time>2025-09-07T02:42:50Z</time></trkpt><trkpt lat="36.8790289" lon="137.9762775"><ele>1133.874306982644</ele><time>2025-09-07T02:43:08Z</time></trkpt><trkpt lat="36.8788566" lon="137.9763637"><ele>1132.4500855247531</ele><time>2025-09-07T02:43:23Z</time></trkpt><trkpt lat="36.8787226" lon="137.9765208"><ele>1131.3211835873224</ele><time>2025-09-07T02:43:37Z</time></trkpt><trkpt lat="36.878585" lon="137.9766824"><ele>1130.5338909680272</ele><time>2025-09-07T02:43:53Z</time></trkpt><trkpt lat="36.878408" lon="137.976746"><ele>1129.6719467056932</ele><time>2025-09-07T02:44:07Z</time></trkpt><trkpt lat="36.8782075" lon="137.9768166"><ele>1128.683229664549</ele><time>2025-09-07T02:44:26Z</time></trkpt><trkpt lat="36.8780484" lon="137.9769536"><ele>1127.8213383120963</ele><time>2025-09-07T02:44:41Z</time></trkpt><trkpt lat="36.8778587" lon="137.9770643"><ele>1126.7234419015124</ele><time>2025-09-07T02:44:58Z</time></trkpt><trkpt lat="36.8777009" lon="137.9771855"><ele>1126.0277333195518</ele><time>2025-09-07T02:45:15Z</time></trkpt><trkpt lat="36.8777917" lon="137.9774092"><ele>1125.098195918646</ele><time>2025-09-07T02:45:43Z</time></trkpt><trkpt lat="36.8777031" lon="137.9776607"><ele>1124.564155717154</ele><time>2025-09-07T02:45:53Z</time></trkpt><trkpt lat="36.8777543" lon="137.9779002"><ele>1123.81909526788</ele><time>2025-09-07T02:46:08Z</time></trkpt><trkpt lat="36.8778175" lon="137.9781108"><ele>1123.3431711507762</ele><time>2025-09-07T02:46:23Z</time></trkpt><trkpt lat="36.8778868" lon="137.978321"><ele>1122.7153479535507</ele><time>2025-09-07T02:46:39Z</time></trkpt><trkpt lat="36.8779108" lon="137.9785801"><ele>1121.9607121484612</ele><time>2025-09-07T02:46:57Z</time></trkpt><trkpt lat="36.8779365" lon="137.9788303"><ele>1120.6931880912164</ele><time>2025-09-07T02:47:15Z</time></trkpt><trkpt lat="36.8779285" lon="137.9790724"><ele>1118.871308641362</ele><time>2025-09-07T02:47:33Z</time></trkpt><trkpt lat="36.8779143" lon="137.9793377"><ele>1116.815512642974</ele><time>2025-09-07T02:47:52Z</time></trkpt><trkpt lat="36.8778742" lon="137.979573"><ele>1114.6431498315735</ele><time>2025-09-07T02:48:09Z</time></trkpt><trkpt lat="36.8778141" lon="137.9797907"><ele>1112.4204406318497</ele><time>2025-09-07T02:48:27Z</time></trkpt><trkpt lat="36.8778083" lon="137.9800518"><ele>1110.1726613515852</ele><time>2025-09-07T02:48:45Z</time></trkpt><trkpt lat="36.8777271" lon="137.9802723"><ele>1107.992355900209</ele><time>2025-09-07T02:49:04Z</time></trkpt><trkpt lat="36.8775534" lon="137.9803698"><ele>1106.0802426653229</ele><time>2025-09-07T02:49:21Z</time></trkpt><trkpt lat="36.8773709" lon="137.9804204"><ele>1104.3944120962667</ele><time>2025-09-07T02:49:38Z</time></trkpt><trkpt lat="36.8771866" lon="137.9804431"><ele>1102.7532667919033</ele><time>2025-09-07T02:49:56Z</time></trkpt><trkpt lat="36.8769882" lon="137.9804409"><ele>1101.0981716830204</ele><time>2025-09-07T02:50:16Z</time></trkpt><trkpt lat="36.876803" lon="137.9804565"><ele>1099.3131209043102</ele><time>2025-09-07T02:50:35Z</time></trkpt><trkpt lat="36.8766068" lon="137.9803985"><ele>1097.6804141159766</ele><time>2025-09-07T02:50:52Z</time></trkpt><trkpt lat="36.8764228" lon="137.9803623"><ele>1096.1386066606576</ele><time>2025-09-07T02:51:07Z</time></trkpt><trkpt lat="36.8762436" lon="137.9803143"><ele>1094.4969546845334</ele><time>2025-09-07T02:51:22Z</time></trkpt><trkpt lat="36.8760525" lon="137.9803405"><ele>1092.851086229057</ele><time>2025-09-07T02:51:40Z</time></trkpt><trkpt lat="36.8758696" lon="137.980431"><ele>1091.0450835219629</ele><time>2025-09-07T02:51:57Z</time></trkpt><trkpt lat="36.8757061" lon="137.9805402"><ele>1089.6177053664912</ele><time>2025-09-07T02:52:14Z</time></trkpt><trkpt lat="36.8755293" lon="137.9806172"><ele>1088.1184163445284</ele><time>2025-09-07T02:52:29Z</time></trkpt><trkpt lat="36.8753489" lon="137.9806832"><ele>1086.6230081863434</ele><time>2025-09-07T02:52:43Z</time></trkpt><trkpt lat="36.8751775" lon="137.9807922"><ele>1085.306958947212</ele><time>2025-09-07T02:53:01Z</time></trkpt><trkpt lat="36.8749693" lon="137.9808487"><ele>1084.2114205214048</ele><time>2025-09-07T02:53:21Z</time></trkpt><trkpt lat="36.8747844" lon="137.9809243"><ele>1083.25750433908</ele><time>2025-09-07T02:54:42Z</time></trkpt><trkpt lat="36.8745898" lon="137.9810091"><ele>1082.236001840006</ele><time>2025-09-07T02:54:57Z</time></trkpt><trkpt lat="36.8744203" lon="137.9810908"><ele>1081.236710888073</ele><time>2025-09-07T02:55:12Z</time></trkpt><trkpt lat="36.8742277" lon="137.9811421"><ele>1080.3395317136549</ele><time>2025-09-07T02:55:28Z</time></trkpt><trkpt lat="36.8740442" lon="137.9812577"><ele>1079.2284383670597</ele><time>2025-09-07T02:55:45Z</time></trkpt><trkpt lat="36.8738468" lon="137.9813245"><ele>1078.2381667674854</ele><time>2025-09-07T02:56:04Z</time></trkpt><trkpt lat="36.8736468" lon="137.9814214"><ele>1077.3852914548363</ele><time>2025-09-07T02:56:21Z</time></trkpt><trkpt lat="36.8734728" lon="137.9814937"><ele>1076.61530856017</ele><time>2025-09-07T02:56:36Z</time></trkpt><trkpt lat="36.873295" lon="137.9815434"><ele>1075.859972312113</ele><time>2025-09-07T02:56:52Z</time></trkpt><trkpt lat="36.8731513" lon="137.9816898"><ele>1075.247725438922</ele><time>2025-09-07T02:57:09Z</time></trkpt><trkpt lat="36.8729602" lon="137.9818051"><ele>1074.4041229957863</ele><time>2025-09-07T02:57:28Z</time></trkpt><trkpt lat="36.8727754" lon="137.9817566"><ele>1073.546024489945</ele><time>2025-09-07T02:57:42Z</time></trkpt><trkpt lat="36.8725902" lon="137.9816993"><ele>1072.0892041687682</ele><time>2025-09-07T02:57:57Z</time></trkpt><trkpt lat="36.8723833" lon="137.9817039"><ele>1070.9793552100496</ele><time>2025-09-07T02:58:17Z</time></trkpt><trkpt lat="36.8722006" lon="137.9817854"><ele>1069.8077108223404</ele><time>2025-09-07T02:58:34Z</time></trkpt><trkpt lat="36.8720291" lon="137.981914"><ele>1069.089760859021</ele><time>2025-09-07T02:58:51Z</time></trkpt><trkpt lat="36.8718661" lon="137.9820117"><ele>1068.3502408478716</ele><time>2025-09-07T02:59:07Z</time></trkpt><trkpt lat="36.8716617" lon="137.9820582"><ele>1067.50565442659</ele><time>2025-09-07T02:59:25Z</time></trkpt><trkpt lat="36.8714838" lon="137.9821235"><ele>1066.4943958404194</ele><time>2025-09-07T02:59:40Z</time></trkpt><trkpt lat="36.8712935" lon="137.9822139"><ele>1065.2665050522655</ele><time>2025-09-07T02:59:57Z</time></trkpt><trkpt lat="36.8711019" lon="137.9821782"><ele>1064.049446316342</ele><time>2025-09-07T03:00:12Z</time></trkpt><trkpt lat="36.8709649" lon="137.9819886"><ele>1062.376614757916</ele><time>2025-09-07T03:00:30Z</time></trkpt><trkpt lat="36.8708417" lon="137.9818157"><ele>1060.8752686931552</ele><time>2025-09-07T03:00:47Z</time></trkpt><trkpt lat="36.870702" lon="137.9816496"><ele>1059.4615698216248</ele><time>2025-09-07T03:01:04Z</time></trkpt><trkpt lat="36.8705673" lon="137.9814751"><ele>1058.382875508694</ele><time>2025-09-07T03:01:23Z</time></trkpt><trkpt lat="36.8704156" lon="137.9813539"><ele>1057.1071216004018</ele><time>2025-09-07T03:01:39Z</time></trkpt><trkpt lat="36.870199" lon="137.9813337"><ele>1055.7614815684567</ele><time>2025-09-07T03:01:56Z</time></trkpt><trkpt lat="36.8700012" lon="137.9813122"><ele>1054.5624799304076</ele><time>2025-09-07T03:02:14Z</time></trkpt><trkpt lat="36.8698134" lon="137.9812921"><ele>1053.4573300934285</ele><time>2025-09-07T03:02:29Z</time></trkpt><trkpt lat="36.8696273" lon="137.9811837"><ele>1052.3062731181483</ele><time>2025-09-07T03:02:45Z</time></trkpt><trkpt lat="36.8694844" lon="137.9810368"><ele>1051.278524207559</ele><time>2025-09-07T03:03:01Z</time></trkpt><trkpt lat="36.8693318" lon="137.9808729"><ele>1050.1492352198961</ele><time>2025-09-07T03:03:18Z</time></trkpt><trkpt lat="36.8691356" lon="137.9807719"><ele>1048.9193364490902</ele><time>2025-09-07T03:03:36Z</time></trkpt><trkpt lat="36.8689472" lon="137.9806939"><ele>1047.3065712228492</ele><time>2025-09-07T03:03:54Z</time></trkpt><trkpt lat="36.868749" lon="137.9807021"><ele>1045.7109805945345</ele><time>2025-09-07T03:04:12Z</time></trkpt><trkpt lat="36.8685422" lon="137.9807237"><ele>1044.1715465618097</ele><time>2025-09-07T03:04:30Z</time></trkpt><trkpt lat="36.8683891" lon="137.98085"><ele>1042.8070958658097</ele><time>2025-09-07T03:04:45Z</time></trkpt><trkpt lat="36.8682243" lon="137.9810063"><ele>1041.234983719434</ele><time>2025-09-07T03:05:04Z</time></trkpt><trkpt lat="36.8680461" lon="137.981064"><ele>1039.7416971925306</ele><time>2025-09-07T03:05:18Z</time></trkpt><trkpt lat="36.8678424" lon="137.981026"><ele>1038.3462705719658</ele><time>2025-09-07T03:05:36Z</time></trkpt><trkpt lat="36.8676623" lon="137.9808954"><ele>1037.2720827185772</ele><time>2025-09-07T03:05:53Z</time></trkpt><trkpt lat="36.8675638" lon="137.9807047"><ele>1036.321678733753</ele><time>2025-09-07T03:06:08Z</time></trkpt><trkpt lat="36.8674473" lon="137.980516"><ele>1035.3708841882</ele><time>2025-09-07T03:06:24Z</time></trkpt><trkpt lat="36.8674016" lon="137.9807409"><ele>1033.2486660755903</ele><time>2025-09-07T03:06:59Z</time></trkpt><trkpt lat="36.8673557" lon="137.9805187"><ele>1031.5107121620024</ele><time>2025-09-07T03:07:21Z</time></trkpt><trkpt lat="36.867415" lon="137.9807347"><ele>1029.9673129370465</ele><time>2025-09-07T03:08:32Z</time></trkpt><trkpt lat="36.8674936" lon="137.9809567"><ele>1029.380067420291</ele><time>2025-09-07T03:08:49Z</time></trkpt><trkpt lat="36.867544" lon="137.9811802"><ele>1028.0437784381857</ele><time>2025-09-07T03:09:07Z</time></trkpt><trkpt lat="36.8676836" lon="137.9813665"><ele>1026.3097868334091</ele><time>2025-09-07T03:09:27Z</time></trkpt><trkpt lat="36.8677675" lon="137.9815813"><ele>1024.3488158227808</ele><time>2025-09-07T03:09:44Z</time></trkpt><trkpt lat="36.8677904" lon="137.9818377"><ele>1022.42548470582</ele><time>2025-09-07T03:10:03Z</time></trkpt><trkpt lat="36.8679838" lon="137.9819318"><ele>1020.1350402689932</ele><time>2025-09-07T03:10:23Z</time></trkpt><trkpt lat="36.868159" lon="137.9818357"><ele>1018.2522107139379</ele><time>2025-09-07T03:10:44Z</time></trkpt><trkpt lat="36.8683406" lon="137.981712"><ele>1016.3093601195936</ele><time>2025-09-07T03:11:03Z</time></trkpt><trkpt lat="36.8684753" lon="137.981537"><ele>1014.8799733543809</ele><time>2025-09-07T03:11:19Z</time></trkpt><trkpt lat="36.8686506" lon="137.9814811"><ele>1013.3711861744905</ele><time>2025-09-07T03:11:34Z</time></trkpt><trkpt lat="36.8688395" lon="137.9815068"><ele>1012.1121333584497</ele><time>2025-09-07T03:11:52Z</time></trkpt><trkpt lat="36.8690246" lon="137.9816455"><ele>1010.6066529269915</ele><time>2025-09-07T03:12:07Z</time></trkpt><trkpt lat="36.8691225" lon="137.981869"><ele>1009.3788298248475</ele><time>2025-09-07T03:12:22Z</time></trkpt><trkpt lat="36.8691819" lon="137.9821021"><ele>1007.7880564766923</ele><time>2025-09-07T03:12:40Z</time></trkpt><trkpt lat="36.8692245" lon="137.9823515"><ele>1006.8016131197932</ele><time>2025-09-07T03:12:57Z</time></trkpt><trkpt lat="36.869232" lon="137.9826077"><ele>1005.6374893910582</ele><time>2025-09-07T03:13:15Z</time></trkpt><trkpt lat="36.8691601" lon="137.9828256"><ele>1004.9450896758468</ele><time>2025-09-07T03:13:30Z</time></trkpt><trkpt lat="36.8691035" lon="137.9830459"><ele>1003.5956877037293</ele><time>2025-09-07T03:13:47Z</time></trkpt><trkpt lat="36.8690597" lon="137.9832754"><ele>1002.4656760629578</ele><time>2025-09-07T03:14:04Z</time></trkpt><trkpt lat="36.8689681" lon="137.9834898"><ele>1001.2353915276336</ele><time>2025-09-07T03:14:22Z</time></trkpt><trkpt lat="36.8689107" lon="137.9837027"><ele>1000.2585316097275</ele><time>2025-09-07T03:14:37Z</time></trkpt><trkpt lat="36.8688006" lon="137.9839173"><ele>998.6706139837585</ele><time>2025-09-07T03:14:55Z</time></trkpt><trkpt lat="36.8687019" lon="137.9841206"><ele>996.8748711071172</ele><time>2025-09-07T03:15:13Z</time></trkpt><trkpt lat="36.8685677" lon="137.98431"><ele>995.1020299770198</ele><time>2025-09-07T03:15:31Z</time></trkpt><trkpt lat="36.8684128" lon="137.9844398"><ele>993.569956344346</ele><time>2025-09-07T03:15:47Z</time></trkpt><trkpt lat="36.8682556" lon="137.9845876"><ele>992.5681583075648</ele><time>2025-09-07T03:16:04Z</time></trkpt><trkpt lat="36.8681056" lon="137.9847608"><ele>991.3979513244908</ele><time>2025-09-07T03:16:25Z</time></trkpt><trkpt lat="36.8679222" lon="137.9848962"><ele>990.1978897016547</ele><time>2025-09-07T03:16:43Z</time></trkpt><trkpt lat="36.8677385" lon="137.9849949"><ele>992.3741157113074</ele><time>2025-09-07T03:17:15Z</time></trkpt><trkpt lat="36.8675398" lon="137.9850357"><ele>994.3011463623546</ele><time>2025-09-07T03:17:36Z</time></trkpt><trkpt lat="36.8673357" lon="137.9849947"><ele>995.6799157108649</ele><time>2025-09-07T03:17:54Z</time></trkpt><trkpt lat="36.8671497" lon="137.9849884"><ele>993.4308337785742</ele><time>2025-09-07T03:18:09Z</time></trkpt><trkpt lat="36.8669599" lon="137.9849466"><ele>992.1692377765595</ele><time>2025-09-07T03:18:26Z</time></trkpt><trkpt lat="36.8667718" lon="137.9849248"><ele>992.2929196143435</ele><time>2025-09-07T03:18:44Z</time></trkpt><trkpt lat="36.8665901" lon="137.9848882"><ele>992.9833671367751</ele><time>2025-09-07T03:18:59Z</time></trkpt><trkpt lat="36.8664166" lon="137.9848039"><ele>992.8658564101866</ele><time>2025-09-07T03:19:13Z</time></trkpt><trkpt lat="36.8662347" lon="137.984708"><ele>992.1991554868064</ele><time>2025-09-07T03:19:31Z</time></trkpt><trkpt lat="36.8660369" lon="137.9847457"><ele>990.7071048744723</ele><time>2025-09-07T03:19:48Z</time></trkpt><trkpt lat="36.8658595" lon="137.984792"><ele>989.7826230123181</ele><time>2025-09-07T03:20:04Z</time></trkpt><trkpt lat="36.8656568" lon="137.984836"><ele>988.5454959420562</ele><time>2025-09-07T03:20:21Z</time></trkpt><trkpt lat="36.8654961" lon="137.9849525"><ele>987.506952731965</ele><time>2025-09-07T03:20:39Z</time></trkpt><trkpt lat="36.8653389" lon="137.9850963"><ele>985.9854470618884</ele><time>2025-09-07T03:20:54Z</time></trkpt><trkpt lat="36.8651828" lon="137.9849717"><ele>984.4401963623814</ele><time>2025-09-07T03:21:12Z</time></trkpt><trkpt lat="36.8652196" lon="137.9847461"><ele>982.3119391277015</ele><time>2025-09-07T03:21:27Z</time></trkpt><trkpt lat="36.8652225" lon="137.9845209"><ele>979.8615253226276</ele><time>2025-09-07T03:21:44Z</time></trkpt><trkpt lat="36.8652715" lon="137.984278"><ele>977.6716429608501</ele><time>2025-09-07T03:22:14Z</time></trkpt><trkpt lat="36.8654499" lon="137.9841495"><ele>976.2132789473609</ele><time>2025-09-07T03:22:29Z</time></trkpt><trkpt lat="36.8656369" lon="137.9841345"><ele>974.8902119993219</ele><time>2025-09-07T03:22:44Z</time></trkpt><trkpt lat="36.8658164" lon="137.9841675"><ele>973.2799724597635</ele><time>2025-09-07T03:22:59Z</time></trkpt><trkpt lat="36.8659913" lon="137.9840906"><ele>971.3394566742633</ele><time>2025-09-07T03:23:16Z</time></trkpt><trkpt lat="36.8659882" lon="137.9838201"><ele>969.3183696234273</ele><time>2025-09-07T03:23:34Z</time></trkpt><trkpt lat="36.8659941" lon="137.9835917"><ele>967.4019580269124</ele><time>2025-09-07T03:23:48Z</time></trkpt><trkpt lat="36.8658474" lon="137.9834223"><ele>965.2922623366172</ele><time>2025-09-07T03:24:07Z</time></trkpt><trkpt lat="36.8656593" lon="137.9833799"><ele>963.5987573004442</ele><time>2025-09-07T03:24:22Z</time></trkpt><trkpt lat="36.8654448" lon="137.9833245"><ele>961.791915703222</ele><time>2025-09-07T03:24:40Z</time></trkpt><trkpt lat="36.8652603" lon="137.9832378"><ele>960.1769924055344</ele><time>2025-09-07T03:24:54Z</time></trkpt><trkpt lat="36.865049" lon="137.983199"><ele>958.4648464931242</ele><time>2025-09-07T03:25:12Z</time></trkpt><trkpt lat="36.8648653" lon="137.9831609"><ele>956.8588244571641</ele><time>2025-09-07T03:25:28Z</time></trkpt><trkpt lat="36.8646751" lon="137.9831495"><ele>955.5421375323543</ele><time>2025-09-07T03:25:43Z</time></trkpt><trkpt lat="36.8644825" lon="137.983157"><ele>954.1416053485673</ele><time>2025-09-07T03:25:58Z</time></trkpt><trkpt lat="36.8642718" lon="137.9831875"><ele>952.6198417941483</ele><time>2025-09-07T03:26:16Z</time></trkpt><trkpt lat="36.8641071" lon="137.9833522"><ele>950.6999050429225</ele><time>2025-09-07T03:26:34Z</time></trkpt><trkpt lat="36.8641095" lon="137.9836096"><ele>948.6842788006048</ele><time>2025-09-07T03:26:52Z</time></trkpt><trkpt lat="36.864124" lon="137.9838333"><ele>946.886273944489</ele><time>2025-09-07T03:27:07Z</time></trkpt><trkpt lat="36.8640097" lon="137.984045"><ele>945.2892043720645</ele><time>2025-09-07T03:27:22Z</time></trkpt><trkpt lat="36.8638509" lon="137.9841844"><ele>944.1002396818186</ele><time>2025-09-07T03:27:37Z</time></trkpt><trkpt lat="36.8637448" lon="137.9843966"><ele>942.3332075004273</ele><time>2025-09-07T03:27:55Z</time></trkpt><trkpt lat="36.8638703" lon="137.9845708"><ele>940.3685698817612</ele><time>2025-09-07T03:28:10Z</time></trkpt><trkpt lat="36.8640462" lon="137.9846586"><ele>938.0359678035837</ele><time>2025-09-07T03:28:31Z</time></trkpt><trkpt lat="36.864139" lon="137.9848579"><ele>936.2652329910825</ele><time>2025-09-07T03:28:43Z</time></trkpt><trkpt lat="36.8642524" lon="137.9850435"><ele>934.6922968644644</ele><time>2025-09-07T03:28:57Z</time></trkpt><trkpt lat="36.8644554" lon="137.9850722"><ele>933.0516063711526</ele><time>2025-09-07T03:29:19Z</time></trkpt><trkpt lat="36.864513" lon="137.98535"><ele>931.3942523577589</ele><time>2025-09-07T03:29:28Z</time></trkpt><trkpt lat="36.8645829" lon="137.9855855"><ele>929.6444945992333</ele><time>2025-09-07T03:29:43Z</time></trkpt><trkpt lat="36.8644767" lon="137.9857739"><ele>928.0758774619117</ele><time>2025-09-07T03:29:55Z</time></trkpt><trkpt lat="36.864269" lon="137.9856961"><ele>926.1461134783916</ele><time>2025-09-07T03:30:10Z</time></trkpt><trkpt lat="36.8641147" lon="137.9855177"><ele>924.3593640448081</ele><time>2025-09-07T03:30:28Z</time></trkpt><trkpt lat="36.8639898" lon="137.9853455"><ele>922.5426796113362</ele><time>2025-09-07T03:30:43Z</time></trkpt><trkpt lat="36.8638198" lon="137.9851833"><ele>920.8053137101691</ele><time>2025-09-07T03:31:00Z</time></trkpt><trkpt lat="36.8636615" lon="137.9850462"><ele>918.791408488663</ele><time>2025-09-07T03:31:16Z</time></trkpt><trkpt lat="36.8635001" lon="137.9849138"><ele>917.0145513214433</ele><time>2025-09-07T03:31:30Z</time></trkpt><trkpt lat="36.8633357" lon="137.9847716"><ele>915.2908736918413</ele><time>2025-09-07T03:31:47Z</time></trkpt><trkpt lat="36.8632153" lon="137.9845561"><ele>913.9445844349235</ele><time>2025-09-07T03:32:06Z</time></trkpt><trkpt lat="36.8631705" lon="137.9843273"><ele>912.4937824091365</ele><time>2025-09-07T03:32:21Z</time></trkpt><trkpt lat="36.8632087" lon="137.9840758"><ele>910.9454167297662</ele><time>2025-09-07T03:32:39Z</time></trkpt><trkpt lat="36.8632862" lon="137.9838401"><ele>909.0506605196102</ele><time>2025-09-07T03:32:57Z</time></trkpt><trkpt lat="36.863268" lon="137.9836146"><ele>906.9903672148762</ele><time>2025-09-07T03:33:12Z</time></trkpt><trkpt lat="36.8633418" lon="137.9833691"><ele>905.1897194308575</ele><time>2025-09-07T03:33:30Z</time></trkpt><trkpt lat="36.863378" lon="137.9831456"><ele>903.4276040998781</ele><time>2025-09-07T03:33:45Z</time></trkpt><trkpt lat="36.8633588" lon="137.9829162"><ele>902.0829587197326</ele><time>2025-09-07T03:34:00Z</time></trkpt><trkpt lat="36.8633282" lon="137.9826827"><ele>900.4745007823857</ele><time>2025-09-07T03:34:15Z</time></trkpt><trkpt lat="36.8633022" lon="137.982441"><ele>898.9433108251661</ele><time>2025-09-07T03:34:32Z</time></trkpt><trkpt lat="36.8631248" lon="137.982359"><ele>897.0433838028217</ele><time>2025-09-07T03:34:51Z</time></trkpt><trkpt lat="36.862929" lon="137.9822939"><ele>895.4504534652887</ele><time>2025-09-07T03:35:06Z</time></trkpt><trkpt lat="36.8627598" lon="137.9821467"><ele>893.9747958346735</ele><time>2025-09-07T03:35:22Z</time></trkpt><trkpt lat="36.8625773" lon="137.9820233"><ele>892.433191075891</ele><time>2025-09-07T03:35:40Z</time></trkpt><trkpt lat="36.8624013" lon="137.9818758"><ele>890.8306529898222</ele><time>2025-09-07T03:35:58Z</time></trkpt><trkpt lat="36.8621942" lon="137.9818927"><ele>889.1754697169958</ele><time>2025-09-07T03:36:16Z</time></trkpt><trkpt lat="36.8620183" lon="137.9817567"><ele>887.5607552318934</ele><time>2025-09-07T03:36:34Z</time></trkpt><trkpt lat="36.8619788" lon="137.9815057"><ele>886.036590223381</ele><time>2025-09-07T03:36:49Z</time></trkpt><trkpt lat="36.8618148" lon="137.9813455"><ele>884.4305690237794</ele><time>2025-09-07T03:37:04Z</time></trkpt></trkseg></trk></gpx>