<?xml version='1.0' encoding='UTF-8'?><gpx creator="YAMAP - https://yamap.com" xsi:schemaLocation="http://www.topografix.com/GPX/1/1 http://www.topografix.com/GPX/1/1/gpx.xsd" version="1.1" xmlns="http://www.topografix.com/GPX/1/1" xmlns:xsi="http://www.w3.org/2001/XMLSchema-instance"><metadata><bounds maxlat="35.5596146" maxlon="139.180883" minlat="35.4048556" minlon="139.1310306"/></metadata><trk><name>丹沢主脈</name><number>1</number><trkseg><trkpt lat="35.5595657" lon="139.180883"><ele>296.82</ele><time>2024-11-30T22:21:02Z</time></trkpt><trkpt lat="35.5596146" lon="139.1806569"><ele>296.58500000000004</ele><time>2024-11-30T22:21:09Z</time></trkpt><trkpt lat="35.5595306" lon="139.1804452"><ele>296.84333333333336</ele><time>2024-11-30T22:21:27Z</time></trkpt><trkpt lat="35.5594845" lon="139.1802082"><ele>296.78000000000003</ele><time>2024-11-30T22:21:42Z</time></trkpt><trkpt lat="35.5594209" lon="139.1799541"><ele>296.2866666666667</ele><time>2024-11-30T22:21:57Z</time></trkpt><trkpt lat="35.5593659" lon="139.1797305"><ele>294.97</ele><time>2024-11-30T22:22:13Z</time></trkpt><trkpt lat="35.5592927" lon="139.1794997"><ele>292.82666666666665</ele><time>2024-11-30T22:22:31Z</time></trkpt><trkpt lat="35.5590899" lon="139.1795494"><ele>292.68</ele><time>2024-11-30T22:22:44Z</time></trkpt><trkpt lat="35.5588806" lon="139.1795841"><ele>292.93333333333334</ele><time>2024-11-30T22:23:02Z</time></trkpt><trkpt lat="35.5586739" lon="139.1795755"><ele>294.72333333333336</ele><time>2024-11-30T22:23:24Z</time></trkpt><trkpt lat="35.5584867" lon="139.1796394"><ele>296.1333333333334</ele><time>2024-11-30T22:23:39Z</time></trkpt><trkpt lat="35.5583549" lon="139.1794312"><ele>297.0733333333333</ele><time>2024-11-30T22:23:54Z</time></trkpt><trkpt lat="35.55852" lon="139.1791306"><ele>294.97</ele><time>2024-11-30T22:24:19Z</time></trkpt><trkpt lat="35.558255" lon="139.1791351"><ele>293.87666666666667</ele><time>2024-11-30T22:24:34Z</time></trkpt><trkpt lat="35.5580588" lon="139.1790454"><ele>295.26666666666665</ele><time>2024-11-30T22:24:46Z</time></trkpt><trkpt lat="35.5579182" lon="139.178878"><ele>298.3233333333333</ele><time>2024-11-30T22:25:02Z</time></trkpt><trkpt lat="35.5577488" lon="139.1789664"><ele>301.47</ele><time>2024-11-30T22:25:23Z</time></trkpt><trkpt lat="35.5575614" lon="139.1790416"><ele>303.50666666666666</ele><time>2024-11-30T22:25:45Z</time></trkpt><trkpt lat="35.5573844" lon="139.1791376"><ele>307.7433333333333</ele><time>2024-11-30T22:26:00Z</time></trkpt><trkpt lat="35.5571966" lon="139.1793087"><ele>311.3433333333333</ele><time>2024-11-30T22:26:17Z</time></trkpt><trkpt lat="35.5570055" lon="139.1794619"><ele>314.62666666666667</ele><time>2024-11-30T22:26:27Z</time></trkpt><trkpt lat="35.5568651" lon="139.1796197"><ele>316.66</ele><time>2024-11-30T22:26:38Z</time></trkpt><trkpt lat="35.5567482" lon="139.1797879"><ele>318.29</ele><time>2024-11-30T22:26:50Z</time></trkpt><trkpt lat="35.5566074" lon="139.17999"><ele>319.25</ele><time>2024-11-30T22:27:05Z</time></trkpt><trkpt lat="35.556406" lon="139.1800578"><ele>318.56</ele><time>2024-11-30T22:27:20Z</time></trkpt><trkpt lat="35.5562019" lon="139.1800815"><ele>316.40333333333336</ele><time>2024-11-30T22:27:39Z</time></trkpt><trkpt lat="35.5560335" lon="139.1802383"><ele>319.6233333333334</ele><time>2024-11-30T22:27:53Z</time></trkpt><trkpt lat="35.5558358" lon="139.1802339"><ele>325.1</ele><time>2024-11-30T22:28:08Z</time></trkpt><trkpt lat="35.5556584" lon="139.1801114"><ele>329.06666666666666</ele><time>2024-11-30T22:28:23Z</time></trkpt><trkpt lat="35.5555946" lon="139.179867"><ele>322.2966666666667</ele><time>2024-11-30T22:28:41Z</time></trkpt><trkpt lat="35.555492" lon="139.1796642"><ele>314.43333333333334</ele><time>2024-11-30T22:28:53Z</time></trkpt><trkpt lat="35.555332" lon="139.1794071"><ele>312.5133333333333</ele><time>2024-11-30T22:28:59Z</time></trkpt><trkpt lat="35.5552094" lon="139.1792357"><ele>317.3933333333334</ele><time>2024-11-30T22:29:08Z</time></trkpt><trkpt lat="35.555016" lon="139.1791803"><ele>322.68</ele><time>2024-11-30T22:29:24Z</time></trkpt><trkpt lat="35.5548515" lon="139.1790751"><ele>324.0366666666667</ele><time>2024-11-30T22:29:38Z</time></trkpt><trkpt lat="35.5546345" lon="139.1790194"><ele>323.63</ele><time>2024-11-30T22:29:56Z</time></trkpt><trkpt lat="35.5544822" lon="139.1788584"><ele>324.3</ele><time>2024-11-30T22:30:15Z</time></trkpt><trkpt lat="35.5543949" lon="139.1786639"><ele>327.01</ele><time>2024-11-30T22:30:38Z</time></trkpt><trkpt lat="35.5542976" lon="139.1784455"><ele>332.01666666666665</ele><time>2024-11-30T22:31:13Z</time></trkpt><trkpt lat="35.5541415" lon="139.17833"><ele>336.99333333333334</ele><time>2024-11-30T22:31:30Z</time></trkpt><trkpt lat="35.554242" lon="139.1781326"><ele>343.3666666666666</ele><time>2024-11-30T22:32:37Z</time></trkpt><trkpt lat="35.5540886" lon="139.1779804"><ele>350.51666666666665</ele><time>2024-11-30T22:33:01Z</time></trkpt><trkpt lat="35.5540483" lon="139.1777626"><ele>357.5933333333333</ele><time>2024-11-30T22:33:31Z</time></trkpt><trkpt lat="35.5539085" lon="139.177602"><ele>362.12999999999994</ele><time>2024-11-30T22:33:52Z</time></trkpt><trkpt lat="35.5537303" lon="139.1774603"><ele>366.74</ele><time>2024-11-30T22:34:09Z</time></trkpt><trkpt lat="35.5535296" lon="139.1774595"><ele>371.92333333333335</ele><time>2024-11-30T22:34:36Z</time></trkpt><trkpt lat="35.5533497" lon="139.1773692"><ele>378.42333333333335</ele><time>2024-11-30T22:35:10Z</time></trkpt><trkpt lat="35.5532988" lon="139.1771439"><ele>384.37000000000006</ele><time>2024-11-30T22:35:44Z</time></trkpt><trkpt lat="35.5534898" lon="139.177141"><ele>386.1766666666667</ele><time>2024-11-30T22:36:14Z</time></trkpt><trkpt lat="35.5532681" lon="139.1772084"><ele>387.64000000000004</ele><time>2024-11-30T22:36:16Z</time></trkpt><trkpt lat="35.5531543" lon="139.1770275"><ele>389.58</ele><time>2024-11-30T22:36:38Z</time></trkpt><trkpt lat="35.5530019" lon="139.1768994"><ele>395.9266666666667</ele><time>2024-11-30T22:37:08Z</time></trkpt><trkpt lat="35.5528568" lon="139.1767512"><ele>402.46999999999997</ele><time>2024-11-30T22:37:53Z</time></trkpt><trkpt lat="35.5526679" lon="139.1767173"><ele>407.31</ele><time>2024-11-30T22:38:19Z</time></trkpt><trkpt lat="35.552505" lon="139.176612"><ele>412.00333333333333</ele><time>2024-11-30T22:38:43Z</time></trkpt><trkpt lat="35.5524388" lon="139.1763904"><ele>416.69</ele><time>2024-11-30T22:39:29Z</time></trkpt><trkpt lat="35.5522536" lon="139.1762584"><ele>421.33</ele><time>2024-11-30T22:42:32Z</time></trkpt><trkpt lat="35.552173" lon="139.1760394"><ele>425.6966666666667</ele><time>2024-11-30T22:42:50Z</time></trkpt><trkpt lat="35.5521208" lon="139.1758031"><ele>429.6666666666667</ele><time>2024-11-30T22:43:23Z</time></trkpt><trkpt lat="35.5519761" lon="139.1756676"><ele>433.7</ele><time>2024-11-30T22:43:53Z</time></trkpt><trkpt lat="35.5518665" lon="139.1754868"><ele>438.34</ele><time>2024-11-30T22:44:11Z</time></trkpt><trkpt lat="35.5517765" lon="139.1752917"><ele>441.78000000000003</ele><time>2024-11-30T22:44:33Z</time></trkpt><trkpt lat="35.551649" lon="139.1751164"><ele>445.90333333333336</ele><time>2024-11-30T22:45:15Z</time></trkpt><trkpt lat="35.5515712" lon="139.1748956"><ele>449.5933333333333</ele><time>2024-11-30T22:45:52Z</time></trkpt><trkpt lat="35.5513905" lon="139.1748374"><ele>453.66333333333336</ele><time>2024-11-30T22:46:24Z</time></trkpt><trkpt lat="35.5512041" lon="139.1748099"><ele>456.81333333333333</ele><time>2024-11-30T22:47:00Z</time></trkpt><trkpt lat="35.5510187" lon="139.1748678"><ele>460.47333333333336</ele><time>2024-11-30T22:47:26Z</time></trkpt><trkpt lat="35.5509271" lon="139.1746569"><ele>465.6166666666666</ele><time>2024-11-30T22:47:49Z</time></trkpt><trkpt lat="35.550647" lon="139.1748099"><ele>474.06</ele><time>2024-11-30T22:47:55Z</time></trkpt><trkpt lat="35.5505272" lon="139.1746237"><ele>481.3</ele><time>2024-11-30T22:48:56Z</time></trkpt><trkpt lat="35.5503409" lon="139.174676"><ele>488.90333333333336</ele><time>2024-11-30T22:49:28Z</time></trkpt><trkpt lat="35.5502396" lon="139.1744768"><ele>494.43333333333334</ele><time>2024-11-30T22:49:58Z</time></trkpt><trkpt lat="35.5501124" lon="139.17432"><ele>501.3433333333333</ele><time>2024-11-30T22:50:36Z</time></trkpt><trkpt lat="35.5500346" lon="139.1741166"><ele>507.82</ele><time>2024-11-30T22:51:06Z</time></trkpt><trkpt lat="35.5500228" lon="139.1738933"><ele>514.0333333333333</ele><time>2024-11-30T22:51:43Z</time></trkpt><trkpt lat="35.5500371" lon="139.1736698"><ele>518.55</ele><time>2024-11-30T22:52:21Z</time></trkpt><trkpt lat="35.5499705" lon="139.1734422"><ele>520.8133333333334</ele><time>2024-11-30T22:52:48Z</time></trkpt><trkpt lat="35.5499068" lon="139.1732328"><ele>522.11</ele><time>2024-11-30T22:53:02Z</time></trkpt><trkpt lat="35.5498235" lon="139.1730212"><ele>523.9000000000001</ele><time>2024-11-30T22:53:23Z</time></trkpt><trkpt lat="35.5497196" lon="139.1728347"><ele>527.7533333333334</ele><time>2024-11-30T22:53:51Z</time></trkpt><trkpt lat="35.5495927" lon="139.1726682"><ele>532.4733333333334</ele><time>2024-11-30T22:54:09Z</time></trkpt><trkpt lat="35.5494571" lon="139.1725151"><ele>537.3566666666667</ele><time>2024-11-30T22:54:29Z</time></trkpt><trkpt lat="35.5493168" lon="139.1723615"><ele>540.8633333333333</ele><time>2024-11-30T22:54:48Z</time></trkpt><trkpt lat="35.5490843" lon="139.1720503"><ele>544.8633333333333</ele><time>2024-11-30T22:54:56Z</time></trkpt><trkpt lat="35.5489721" lon="139.171819"><ele>548.57</ele><time>2024-11-30T22:55:07Z</time></trkpt><trkpt lat="35.5488409" lon="139.1716574"><ele>553.4433333333333</ele><time>2024-11-30T22:55:36Z</time></trkpt><trkpt lat="35.5486565" lon="139.1716573"><ele>556.38</ele><time>2024-11-30T22:56:02Z</time></trkpt><trkpt lat="35.5486319" lon="139.1714379"><ele>563.0333333333333</ele><time>2024-11-30T22:56:52Z</time></trkpt><trkpt lat="35.5484628" lon="139.1713492"><ele>569.4433333333333</ele><time>2024-11-30T22:57:34Z</time></trkpt><trkpt lat="35.5483609" lon="139.1711471"><ele>578.45</ele><time>2024-11-30T22:58:28Z</time></trkpt><trkpt lat="35.5482277" lon="139.1709832"><ele>586.3133333333334</ele><time>2024-11-30T22:58:59Z</time></trkpt><trkpt lat="35.5480898" lon="139.1708171"><ele>594.4966666666668</ele><time>2024-11-30T22:59:34Z</time></trkpt><trkpt lat="35.5480007" lon="139.1705902"><ele>601.57</ele><time>2024-11-30T23:00:05Z</time></trkpt><trkpt lat="35.5478757" lon="139.17043"><ele>606.2400000000001</ele><time>2024-11-30T23:00:20Z</time></trkpt><trkpt lat="35.5477188" lon="139.1703036"><ele>611.0500000000001</ele><time>2024-11-30T23:00:40Z</time></trkpt><trkpt lat="35.5477987" lon="139.1700928"><ele>617.7133333333334</ele><time>2024-11-30T23:01:56Z</time></trkpt><trkpt lat="35.5477569" lon="139.1698736"><ele>626.8233333333334</ele><time>2024-11-30T23:03:11Z</time></trkpt><trkpt lat="35.5476288" lon="139.1696906"><ele>635.5066666666667</ele><time>2024-11-30T23:03:47Z</time></trkpt><trkpt lat="35.5474317" lon="139.169603"><ele>642.33</ele><time>2024-11-30T23:04:39Z</time></trkpt><trkpt lat="35.5472277" lon="139.1695174"><ele>647.87</ele><time>2024-11-30T23:05:15Z</time></trkpt><trkpt lat="35.5469531" lon="139.1693607"><ele>654.58</ele><time>2024-11-30T23:05:30Z</time></trkpt><trkpt lat="35.5467745" lon="139.1693289"><ele>660.3266666666667</ele><time>2024-11-30T23:05:47Z</time></trkpt><trkpt lat="35.546678" lon="139.1691305"><ele>666.87</ele><time>2024-11-30T23:06:35Z</time></trkpt><trkpt lat="35.5465175" lon="139.1690033"><ele>672.9433333333333</ele><time>2024-11-30T23:07:39Z</time></trkpt><trkpt lat="35.546332" lon="139.1689764"><ele>682.43</ele><time>2024-11-30T23:08:33Z</time></trkpt><trkpt lat="35.5461605" lon="139.1688886"><ele>691.6700000000001</ele><time>2024-11-30T23:09:34Z</time></trkpt><trkpt lat="35.546003" lon="139.1687548"><ele>702.6466666666666</ele><time>2024-11-30T23:10:19Z</time></trkpt><trkpt lat="35.5458702" lon="139.1686044"><ele>715.4000000000001</ele><time>2024-11-30T23:11:17Z</time></trkpt><trkpt lat="35.5457009" lon="139.1685109"><ele>731.7400000000001</ele><time>2024-11-30T23:12:38Z</time></trkpt><trkpt lat="35.5455162" lon="139.1685296"><ele>746.7133333333333</ele><time>2024-11-30T23:14:07Z</time></trkpt><trkpt lat="35.5453563" lon="139.1686634"><ele>759.0666666666666</ele><time>2024-11-30T23:14:46Z</time></trkpt><trkpt lat="35.5451673" lon="139.168769"><ele>766.7866666666667</ele><time>2024-11-30T23:15:26Z</time></trkpt><trkpt lat="35.5450069" lon="139.168665"><ele>773.6766666666667</ele><time>2024-11-30T23:15:43Z</time></trkpt><trkpt lat="35.5448283" lon="139.1686327"><ele>778.12</ele><time>2024-11-30T23:16:32Z</time></trkpt><trkpt lat="35.5446438" lon="139.1686093"><ele>781.5933333333334</ele><time>2024-11-30T23:17:09Z</time></trkpt><trkpt lat="35.5444663" lon="139.1684831"><ele>783.6066666666667</ele><time>2024-11-30T23:17:31Z</time></trkpt><trkpt lat="35.544269" lon="139.1683892"><ele>785.7700000000001</ele><time>2024-11-30T23:18:04Z</time></trkpt><trkpt lat="35.5441225" lon="139.1682598"><ele>788.3433333333334</ele><time>2024-11-30T23:18:17Z</time></trkpt><trkpt lat="35.5439301" lon="139.1681715"><ele>792.3666666666668</ele><time>2024-11-30T23:18:31Z</time></trkpt><trkpt lat="35.5437532" lon="139.168089"><ele>796.6833333333334</ele><time>2024-11-30T23:18:57Z</time></trkpt><trkpt lat="35.5435806" lon="139.1680128"><ele>801.6233333333333</ele><time>2024-11-30T23:19:14Z</time></trkpt><trkpt lat="35.5433769" lon="139.1679707"><ele>806.0066666666668</ele><time>2024-11-30T23:19:49Z</time></trkpt><trkpt lat="35.543212" lon="139.1678084"><ele>809.6333333333333</ele><time>2024-11-30T23:20:04Z</time></trkpt><trkpt lat="35.5430522" lon="139.167697"><ele>812.5266666666666</ele><time>2024-11-30T23:20:18Z</time></trkpt><trkpt lat="35.542847" lon="139.1676371"><ele>815.83</ele><time>2024-11-30T23:20:39Z</time></trkpt><trkpt lat="35.5426596" lon="139.167565"><ele>822.6466666666666</ele><time>2024-11-30T23:20:59Z</time></trkpt><trkpt lat="35.5424978" lon="139.1674486"><ele>830.4233333333333</ele><time>2024-11-30T23:21:38Z</time></trkpt><trkpt lat="35.5423204" lon="139.1673815"><ele>838.5966666666667</ele><time>2024-11-30T23:22:15Z</time></trkpt><trkpt lat="35.5421405" lon="139.1674515"><ele>844.8299999999999</ele><time>2024-11-30T23:23:32Z</time></trkpt><trkpt lat="35.541983" lon="139.1673433"><ele>850.1233333333333</ele><time>2024-11-30T23:24:21Z</time></trkpt><trkpt lat="35.5418519" lon="139.1671533"><ele>856.0833333333334</ele><time>2024-11-30T23:24:55Z</time></trkpt><trkpt lat="35.5416713" lon="139.1670657"><ele>861.4166666666666</ele><time>2024-11-30T23:25:18Z</time></trkpt><trkpt lat="35.5415094" lon="139.1669189"><ele>867.2333333333332</ele><time>2024-11-30T23:26:03Z</time></trkpt><trkpt lat="35.5413541" lon="139.166803"><ele>872.1533333333333</ele><time>2024-11-30T23:26:21Z</time></trkpt><trkpt lat="35.5411702" lon="139.1667048"><ele>878.0766666666667</ele><time>2024-11-30T23:26:38Z</time></trkpt><trkpt lat="35.5410159" lon="139.1665632"><ele>885.6500000000001</ele><time>2024-11-30T23:27:02Z</time></trkpt><trkpt lat="35.5408495" lon="139.1664701"><ele>893.09</ele><time>2024-11-30T23:27:29Z</time></trkpt><trkpt lat="35.5408071" lon="139.1662486"><ele>897.7400000000001</ele><time>2024-11-30T23:28:03Z</time></trkpt><trkpt lat="35.5406361" lon="139.1661511"><ele>901.3333333333334</ele><time>2024-11-30T23:28:24Z</time></trkpt><trkpt lat="35.5404479" lon="139.1661264"><ele>907.0466666666667</ele><time>2024-11-30T23:29:13Z</time></trkpt><trkpt lat="35.5402643" lon="139.1660574"><ele>917.3966666666666</ele><time>2024-11-30T23:31:02Z</time></trkpt><trkpt lat="35.5401564" lon="139.1658578"><ele>928.4633333333335</ele><time>2024-11-30T23:31:35Z</time></trkpt><trkpt lat="35.5401448" lon="139.1660852"><ele>935.8633333333333</ele><time>2024-11-30T23:32:09Z</time></trkpt><trkpt lat="35.5400502" lon="139.1658957"><ele>940.5033333333334</ele><time>2024-11-30T23:32:33Z</time></trkpt><trkpt lat="35.5400122" lon="139.1661337"><ele>944.83</ele><time>2024-11-30T23:33:15Z</time></trkpt><trkpt lat="35.5400909" lon="139.1663663"><ele>951.0266666666666</ele><time>2024-11-30T23:33:35Z</time></trkpt><trkpt lat="35.5402362" lon="139.1665053"><ele>954.5</ele><time>2024-11-30T23:33:57Z</time></trkpt><trkpt lat="35.5400463" lon="139.166492"><ele>958.9333333333333</ele><time>2024-11-30T23:35:03Z</time></trkpt><trkpt lat="35.5399023" lon="139.1663111"><ele>963.1999999999999</ele><time>2024-11-30T23:35:47Z</time></trkpt><trkpt lat="35.5397155" lon="139.1663028"><ele>971.3566666666667</ele><time>2024-11-30T23:36:11Z</time></trkpt><trkpt lat="35.5395955" lon="139.1661292"><ele>979.8166666666667</ele><time>2024-11-30T23:36:55Z</time></trkpt><trkpt lat="35.5394793" lon="139.1662988"><ele>988.3633333333333</ele><time>2024-11-30T23:37:37Z</time></trkpt><trkpt lat="35.5393318" lon="139.1661582"><ele>996.1666666666666</ele><time>2024-11-30T23:39:12Z</time></trkpt><trkpt lat="35.5392275" lon="139.1659565"><ele>1001.1866666666666</ele><time>2024-11-30T23:39:39Z</time></trkpt><trkpt lat="35.5391039" lon="139.1657848"><ele>1006.5566666666667</ele><time>2024-11-30T23:40:20Z</time></trkpt><trkpt lat="35.5390549" lon="139.1655555"><ele>1012.3766666666667</ele><time>2024-11-30T23:41:11Z</time></trkpt><trkpt lat="35.5390356" lon="139.1653358"><ele>1019.8333333333334</ele><time>2024-11-30T23:42:15Z</time></trkpt><trkpt lat="35.5390429" lon="139.1651118"><ele>1026.8966666666668</ele><time>2024-11-30T23:43:03Z</time></trkpt><trkpt lat="35.539024" lon="139.1648756"><ele>1033.8733333333332</ele><time>2024-11-30T23:43:23Z</time></trkpt><trkpt lat="35.5390182" lon="139.1646208"><ele>1039.58</ele><time>2024-11-30T23:43:34Z</time></trkpt><trkpt lat="35.5390034" lon="139.1643947"><ele>1043.8533333333332</ele><time>2024-11-30T23:44:06Z</time></trkpt><trkpt lat="35.5388588" lon="139.1642474"><ele>1048.2666666666667</ele><time>2024-11-30T23:44:53Z</time></trkpt><trkpt lat="35.5387736" lon="139.1640325"><ele>1052.19</ele><time>2024-11-30T23:45:56Z</time></trkpt><trkpt lat="35.5385934" lon="139.1639785"><ele>1055.3000000000002</ele><time>2024-11-30T23:46:17Z</time></trkpt><trkpt lat="35.5384154" lon="139.1638169"><ele>1054.92</ele><time>2024-11-30T23:46:35Z</time></trkpt><trkpt lat="35.5382672" lon="139.1636911"><ele>1053.1233333333332</ele><time>2024-11-30T23:46:44Z</time></trkpt><trkpt lat="35.538084" lon="139.1636187"><ele>1051.66</ele><time>2024-11-30T23:47:00Z</time></trkpt><trkpt lat="35.5380305" lon="139.1634014"><ele>1051.6566666666668</ele><time>2024-11-30T23:47:26Z</time></trkpt><trkpt lat="35.5378588" lon="139.1633194"><ele>1053.0133333333333</ele><time>2024-11-30T23:47:39Z</time></trkpt><trkpt lat="35.537719" lon="139.1631644"><ele>1053.9066666666668</ele><time>2024-11-30T23:48:05Z</time></trkpt><trkpt lat="35.5375285" lon="139.163108"><ele>1054.8933333333334</ele><time>2024-11-30T23:48:27Z</time></trkpt><trkpt lat="35.5373582" lon="139.162986"><ele>1055.1333333333334</ele><time>2024-11-30T23:48:45Z</time></trkpt><trkpt lat="35.5371872" lon="139.1628869"><ele>1055.5400000000002</ele><time>2024-11-30T23:48:59Z</time></trkpt><trkpt lat="35.5370353" lon="139.1627375"><ele>1055.2666666666667</ele><time>2024-11-30T23:49:16Z</time></trkpt><trkpt lat="35.5368574" lon="139.1626422"><ele>1054.8966666666668</ele><time>2024-11-30T23:49:37Z</time></trkpt><trkpt lat="35.536715" lon="139.1624583"><ele>1054.5666666666666</ele><time>2024-11-30T23:49:54Z</time></trkpt><trkpt lat="35.5366241" lon="139.1622655"><ele>1054.5700000000002</ele><time>2024-11-30T23:50:06Z</time></trkpt><trkpt lat="35.5365163" lon="139.1620416"><ele>1054.9000000000003</ele><time>2024-11-30T23:50:21Z</time></trkpt><trkpt lat="35.5364258" lon="139.1618279"><ele>1055.0600000000002</ele><time>2024-11-30T23:50:35Z</time></trkpt><trkpt lat="35.5362734" lon="139.1616399"><ele>1055.3033333333335</ele><time>2024-11-30T23:50:50Z</time></trkpt><trkpt lat="35.536147" lon="139.1614335"><ele>1054.506666666667</ele><time>2024-11-30T23:51:07Z</time></trkpt><trkpt lat="35.5360584" lon="139.1612337"><ele>1053.3633333333335</ele><time>2024-11-30T23:51:22Z</time></trkpt><trkpt lat="35.5359486" lon="139.1609958"><ele>1052.0633333333333</ele><time>2024-11-30T23:51:37Z</time></trkpt><trkpt lat="35.5357524" lon="139.1608783"><ele>1052.21</ele><time>2024-11-30T23:51:51Z</time></trkpt><trkpt lat="35.5355831" lon="139.1607575"><ele>1053.49</ele><time>2024-11-30T23:52:06Z</time></trkpt><trkpt lat="35.5354216" lon="139.1606517"><ele>1055.8266666666666</ele><time>2024-11-30T23:52:33Z</time></trkpt><trkpt lat="35.535287" lon="139.1604815"><ele>1059.3100000000002</ele><time>2024-11-30T23:52:53Z</time></trkpt><trkpt lat="35.5351023" lon="139.1605741"><ele>1062.3866666666665</ele><time>2024-11-30T23:53:13Z</time></trkpt><trkpt lat="35.534933" lon="139.1606694"><ele>1065.74</ele><time>2024-11-30T23:53:43Z</time></trkpt><trkpt lat="35.5348867" lon="139.160445"><ele>1068.8233333333335</ele><time>2024-11-30T23:54:14Z</time></trkpt><trkpt lat="35.5347797" lon="139.160252"><ele>1073.5366666666666</ele><time>2024-11-30T23:54:44Z</time></trkpt><trkpt lat="35.534683" lon="139.1600497"><ele>1078.0566666666668</ele><time>2024-11-30T23:55:07Z</time></trkpt><trkpt lat="35.5345418" lon="139.1598978"><ele>1081.9433333333334</ele><time>2024-11-30T23:55:47Z</time></trkpt><trkpt lat="35.5343591" lon="139.1598384"><ele>1084.53</ele><time>2024-11-30T23:56:04Z</time></trkpt><trkpt lat="35.5341842" lon="139.1597454"><ele>1086.36</ele><time>2024-11-30T23:56:22Z</time></trkpt><trkpt lat="35.5340564" lon="139.1595628"><ele>1088.0133333333333</ele><time>2024-11-30T23:56:37Z</time></trkpt><trkpt lat="35.5339369" lon="139.1593971"><ele>1090.1633333333332</ele><time>2024-11-30T23:56:52Z</time></trkpt><trkpt lat="35.5337458" lon="139.1592973"><ele>1090.65</ele><time>2024-11-30T23:57:11Z</time></trkpt><trkpt lat="35.5335589" lon="139.1591942"><ele>1090.2233333333334</ele><time>2024-11-30T23:57:28Z</time></trkpt><trkpt lat="35.5334125" lon="139.1590533"><ele>1090.9466666666667</ele><time>2024-11-30T23:57:47Z</time></trkpt><trkpt lat="35.5332927" lon="139.1588827"><ele>1096.0199999999998</ele><time>2024-11-30T23:58:13Z</time></trkpt><trkpt lat="35.5330987" lon="139.158831"><ele>1101.6233333333332</ele><time>2024-11-30T23:58:33Z</time></trkpt><trkpt lat="35.532986" lon="139.1586579"><ele>1104.8833333333332</ele><time>2024-11-30T23:58:48Z</time></trkpt><trkpt lat="35.5328659" lon="139.158439"><ele>1104.46</ele><time>2024-11-30T23:59:06Z</time></trkpt><trkpt lat="35.5327385" lon="139.1582649"><ele>1103.0833333333333</ele><time>2024-11-30T23:59:21Z</time></trkpt><trkpt lat="35.5326214" lon="139.1580972"><ele>1103.0666666666666</ele><time>2024-11-30T23:59:36Z</time></trkpt><trkpt lat="35.5324852" lon="139.1579286"><ele>1103.9466666666667</ele><time>2024-11-30T23:59:58Z</time></trkpt><trkpt lat="35.5323925" lon="139.1577096"><ele>1105.5833333333333</ele><time>2024-12-01T00:00:13Z</time></trkpt><trkpt lat="35.5322692" lon="139.1575156"><ele>1107.1166666666668</ele><time>2024-12-01T00:00:31Z</time></trkpt><trkpt lat="35.5321897" lon="139.1572975"><ele>1109.6699999999998</ele><time>2024-12-01T00:01:01Z</time></trkpt><trkpt lat="35.532024" lon="139.1571573"><ele>1113.57</ele><time>2024-12-01T00:01:16Z</time></trkpt><trkpt lat="35.5318635" lon="139.1570091"><ele>1119.8933333333334</ele><time>2024-12-01T00:01:45Z</time></trkpt><trkpt lat="35.5316839" lon="139.1570375"><ele>1125.2533333333333</ele><time>2024-12-01T00:02:27Z</time></trkpt><trkpt lat="35.531563" lon="139.1568698"><ele>1131.5800000000002</ele><time>2024-12-01T00:02:48Z</time></trkpt><trkpt lat="35.5313746" lon="139.1569479"><ele>1134.8933333333334</ele><time>2024-12-01T00:03:06Z</time></trkpt><trkpt lat="35.5311975" lon="139.1568615"><ele>1139.4566666666667</ele><time>2024-12-01T00:03:21Z</time></trkpt><trkpt lat="35.531076" lon="139.1566756"><ele>1141.71</ele><time>2024-12-01T00:04:10Z</time></trkpt><trkpt lat="35.5309716" lon="139.1564635"><ele>1143.9466666666667</ele><time>2024-12-01T00:04:22Z</time></trkpt><trkpt lat="35.5308501" lon="139.1562851"><ele>1144.4433333333334</ele><time>2024-12-01T00:04:41Z</time></trkpt><trkpt lat="35.5308492" lon="139.1560322"><ele>1144.9166666666667</ele><time>2024-12-01T00:05:17Z</time></trkpt><trkpt lat="35.5308835" lon="139.1557709"><ele>1144.3666666666668</ele><time>2024-12-01T00:05:32Z</time></trkpt><trkpt lat="35.5308567" lon="139.1555491"><ele>1146.6933333333334</ele><time>2024-12-01T00:05:49Z</time></trkpt><trkpt lat="35.5307949" lon="139.1553401"><ele>1149.1766666666667</ele><time>2024-12-01T00:06:10Z</time></trkpt><trkpt lat="35.5307673" lon="139.1551202"><ele>1153.6900000000003</ele><time>2024-12-01T00:06:46Z</time></trkpt><trkpt lat="35.5307211" lon="139.1548985"><ele>1154.6900000000003</ele><time>2024-12-01T00:06:58Z</time></trkpt><trkpt lat="35.5306529" lon="139.154671"><ele>1155.1966666666667</ele><time>2024-12-01T00:07:16Z</time></trkpt><trkpt lat="35.5304994" lon="139.1545064"><ele>1153.4866666666667</ele><time>2024-12-01T00:07:36Z</time></trkpt><trkpt lat="35.5303537" lon="139.1543425"><ele>1151.0766666666666</ele><time>2024-12-01T00:07:54Z</time></trkpt><trkpt lat="35.5301686" lon="139.1542197"><ele>1148.1866666666667</ele><time>2024-12-01T00:08:12Z</time></trkpt><trkpt lat="35.5300468" lon="139.1540208"><ele>1145.91</ele><time>2024-12-01T00:08:26Z</time></trkpt><trkpt lat="35.5298976" lon="139.153843"><ele>1146.27</ele><time>2024-12-01T00:08:45Z</time></trkpt><trkpt lat="35.5297999" lon="139.1536379"><ele>1149.1866666666667</ele><time>2024-12-01T00:09:06Z</time></trkpt><trkpt lat="35.5296133" lon="139.1535567"><ele>1151.4933333333336</ele><time>2024-12-01T00:09:22Z</time></trkpt><trkpt lat="35.5295961" lon="139.1532945"><ele>1154.8566666666666</ele><time>2024-12-01T00:09:43Z</time></trkpt><trkpt lat="35.5294812" lon="139.1531044"><ele>1156.2633333333333</ele><time>2024-12-01T00:10:00Z</time></trkpt><trkpt lat="35.5293493" lon="139.1529454"><ele>1159.8566666666668</ele><time>2024-12-01T00:10:19Z</time></trkpt><trkpt lat="35.5292827" lon="139.1527377"><ele>1164.17</ele><time>2024-12-01T00:11:01Z</time></trkpt><trkpt lat="35.5291893" lon="139.1525294"><ele>1169.4133333333336</ele><time>2024-12-01T00:11:16Z</time></trkpt><trkpt lat="35.5290032" lon="139.1524629"><ele>1172.6200000000001</ele><time>2024-12-01T00:11:33Z</time></trkpt><trkpt lat="35.5288898" lon="139.1522704"><ele>1174.25</ele><time>2024-12-01T00:11:50Z</time></trkpt><trkpt lat="35.5287265" lon="139.1521572"><ele>1175.0933333333332</ele><time>2024-12-01T00:12:10Z</time></trkpt><trkpt lat="35.5285426" lon="139.1520232"><ele>1178.18</ele><time>2024-12-01T00:12:31Z</time></trkpt><trkpt lat="35.5283847" lon="139.1519016"><ele>1180.8833333333334</ele><time>2024-12-01T00:12:46Z</time></trkpt><trkpt lat="35.528223" lon="139.1518041"><ele>1182.3100000000002</ele><time>2024-12-01T00:13:01Z</time></trkpt><trkpt lat="35.5282277" lon="139.151574"><ele>1185.1333333333334</ele><time>2024-12-01T00:13:19Z</time></trkpt><trkpt lat="35.5280498" lon="139.1514873"><ele>1185.5133333333333</ele><time>2024-12-01T00:13:37Z</time></trkpt><trkpt lat="35.5279092" lon="139.1513181"><ele>1187.5966666666666</ele><time>2024-12-01T00:13:56Z</time></trkpt><trkpt lat="35.5277329" lon="139.1512444"><ele>1188.7133333333334</ele><time>2024-12-01T00:14:25Z</time></trkpt><trkpt lat="35.5275515" lon="139.1513278"><ele>1190.7166666666665</ele><time>2024-12-01T00:14:46Z</time></trkpt><trkpt lat="35.5274907" lon="139.1511082"><ele>1194.9066666666665</ele><time>2024-12-01T00:15:01Z</time></trkpt><trkpt lat="35.5273662" lon="139.1509369"><ele>1197.4333333333334</ele><time>2024-12-01T00:15:18Z</time></trkpt><trkpt lat="35.5272781" lon="139.1507317"><ele>1201.3766666666668</ele><time>2024-12-01T00:15:36Z</time></trkpt><trkpt lat="35.527168" lon="139.1505403"><ele>1201.7333333333333</ele><time>2024-12-01T00:15:54Z</time></trkpt><trkpt lat="35.5269769" lon="139.15046"><ele>1201.2533333333333</ele><time>2024-12-01T00:16:12Z</time></trkpt><trkpt lat="35.526848" lon="139.15029"><ele>1202.8400000000001</ele><time>2024-12-01T00:16:32Z</time></trkpt><trkpt lat="35.5266764" lon="139.1503836"><ele>1203.0533333333335</ele><time>2024-12-01T00:16:51Z</time></trkpt><trkpt lat="35.5264988" lon="139.1504304"><ele>1203.4033333333334</ele><time>2024-12-01T00:17:11Z</time></trkpt><trkpt lat="35.5263173" lon="139.1503697"><ele>1202.8366666666668</ele><time>2024-12-01T00:17:29Z</time></trkpt><trkpt lat="35.5261357" lon="139.1502739"><ele>1204.493333333333</ele><time>2024-12-01T00:18:52Z</time></trkpt><trkpt lat="35.5259522" lon="139.1502316"><ele>1206.5933333333332</ele><time>2024-12-01T00:19:05Z</time></trkpt><trkpt lat="35.5257811" lon="139.1503224"><ele>1205.83</ele><time>2024-12-01T00:19:19Z</time></trkpt><trkpt lat="35.5255941" lon="139.1503817"><ele>1204.6200000000001</ele><time>2024-12-01T00:19:38Z</time></trkpt><trkpt lat="35.5253856" lon="139.1503932"><ele>1204.2766666666666</ele><time>2024-12-01T00:19:55Z</time></trkpt><trkpt lat="35.5251954" lon="139.1502806"><ele>1205.2700000000002</ele><time>2024-12-01T00:20:11Z</time></trkpt><trkpt lat="35.5249965" lon="139.1502116"><ele>1206.1666666666667</ele><time>2024-12-01T00:20:26Z</time></trkpt><trkpt lat="35.5248831" lon="139.1500394"><ele>1205.1200000000001</ele><time>2024-12-01T00:20:37Z</time></trkpt><trkpt lat="35.5248744" lon="139.1498064"><ele>1203.2833333333333</ele><time>2024-12-01T00:20:49Z</time></trkpt><trkpt lat="35.5248985" lon="139.1495344"><ele>1204.07</ele><time>2024-12-01T00:21:07Z</time></trkpt><trkpt lat="35.5247497" lon="139.149332"><ele>1204.4233333333334</ele><time>2024-12-01T00:21:22Z</time></trkpt><trkpt lat="35.5245685" lon="139.1492955"><ele>1205.09</ele><time>2024-12-01T00:21:34Z</time></trkpt><trkpt lat="35.5243958" lon="139.1492132"><ele>1202.6933333333334</ele><time>2024-12-01T00:21:45Z</time></trkpt><trkpt lat="35.5242079" lon="139.1490939"><ele>1200.66</ele><time>2024-12-01T00:21:57Z</time></trkpt><trkpt lat="35.5241471" lon="139.1488587"><ele>1200.7166666666665</ele><time>2024-12-01T00:22:09Z</time></trkpt><trkpt lat="35.5239349" lon="139.1488369"><ele>1198.6266666666668</ele><time>2024-12-01T00:22:26Z</time></trkpt><trkpt lat="35.5237556" lon="139.1489601"><ele>1197.3999999999999</ele><time>2024-12-01T00:22:49Z</time></trkpt><trkpt lat="35.5235342" lon="139.1489931"><ele>1195.1533333333334</ele><time>2024-12-01T00:23:04Z</time></trkpt><trkpt lat="35.5233496" lon="139.1489051"><ele>1195.4</ele><time>2024-12-01T00:23:16Z</time></trkpt><trkpt lat="35.5231978" lon="139.1487349"><ele>1197.0766666666666</ele><time>2024-12-01T00:23:28Z</time></trkpt><trkpt lat="35.5230828" lon="139.1485391"><ele>1196.6166666666668</ele><time>2024-12-01T00:23:46Z</time></trkpt><trkpt lat="35.5229694" lon="139.1483393"><ele>1196.1633333333332</ele><time>2024-12-01T00:23:58Z</time></trkpt><trkpt lat="35.5228791" lon="139.1481289"><ele>1195.7266666666667</ele><time>2024-12-01T00:24:14Z</time></trkpt><trkpt lat="35.5227199" lon="139.1480169"><ele>1194.8866666666665</ele><time>2024-12-01T00:24:28Z</time></trkpt><trkpt lat="35.5225295" lon="139.1479056"><ele>1194.0566666666666</ele><time>2024-12-01T00:24:46Z</time></trkpt><trkpt lat="35.5223702" lon="139.1477565"><ele>1191.1966666666667</ele><time>2024-12-01T00:25:00Z</time></trkpt><trkpt lat="35.5221711" lon="139.1476989"><ele>1188.58</ele><time>2024-12-01T00:25:15Z</time></trkpt><trkpt lat="35.5219893" lon="139.1475883"><ele>1185.9599999999998</ele><time>2024-12-01T00:25:30Z</time></trkpt><trkpt lat="35.5218074" lon="139.1475398"><ele>1183.22</ele><time>2024-12-01T00:25:46Z</time></trkpt><trkpt lat="35.5216248" lon="139.1474625"><ele>1181.7433333333333</ele><time>2024-12-01T00:25:57Z</time></trkpt><trkpt lat="35.5215614" lon="139.1472469"><ele>1181.67</ele><time>2024-12-01T00:26:09Z</time></trkpt><trkpt lat="35.521575" lon="139.1470099"><ele>1181.993333333333</ele><time>2024-12-01T00:26:24Z</time></trkpt><trkpt lat="35.5216058" lon="139.1467587"><ele>1182.2133333333334</ele><time>2024-12-01T00:27:14Z</time></trkpt><trkpt lat="35.521485" lon="139.146572"><ele>1181.1366666666665</ele><time>2024-12-01T00:27:31Z</time></trkpt><trkpt lat="35.5213199" lon="139.1464309"><ele>1181.51</ele><time>2024-12-01T00:27:56Z</time></trkpt><trkpt lat="35.5211957" lon="139.1462566"><ele>1182.6000000000001</ele><time>2024-12-01T00:28:07Z</time></trkpt><trkpt lat="35.5210351" lon="139.1460972"><ele>1187.0233333333333</ele><time>2024-12-01T00:28:22Z</time></trkpt><trkpt lat="35.5208548" lon="139.1459751"><ele>1191.3</ele><time>2024-12-01T00:28:52Z</time></trkpt><trkpt lat="35.5206652" lon="139.1459231"><ele>1196.11</ele><time>2024-12-01T00:29:22Z</time></trkpt><trkpt lat="35.5204932" lon="139.1458233"><ele>1199.1266666666668</ele><time>2024-12-01T00:29:52Z</time></trkpt><trkpt lat="35.520396" lon="139.1456162"><ele>1202.4866666666667</ele><time>2024-12-01T00:30:24Z</time></trkpt><trkpt lat="35.520245" lon="139.1454733"><ele>1205.5033333333333</ele><time>2024-12-01T00:30:44Z</time></trkpt><trkpt lat="35.520078" lon="139.1453594"><ele>1207.99</ele><time>2024-12-01T00:31:07Z</time></trkpt><trkpt lat="35.5199147" lon="139.1452535"><ele>1211.3366666666668</ele><time>2024-12-01T00:31:28Z</time></trkpt><trkpt lat="35.519771" lon="139.1450809"><ele>1215.57</ele><time>2024-12-01T00:31:45Z</time></trkpt><trkpt lat="35.5196302" lon="139.1449403"><ele>1220.0166666666667</ele><time>2024-12-01T00:32:03Z</time></trkpt><trkpt lat="35.5194537" lon="139.144824"><ele>1223.56</ele><time>2024-12-01T00:32:26Z</time></trkpt><trkpt lat="35.5193317" lon="139.1446503"><ele>1226.5266666666666</ele><time>2024-12-01T00:32:49Z</time></trkpt><trkpt lat="35.5192185" lon="139.1444534"><ele>1229.3633333333335</ele><time>2024-12-01T00:33:13Z</time></trkpt><trkpt lat="35.5190558" lon="139.1443379"><ele>1231.6666666666667</ele><time>2024-12-01T00:33:33Z</time></trkpt><trkpt lat="35.5188701" lon="139.1442038"><ele>1233.506666666667</ele><time>2024-12-01T00:33:52Z</time></trkpt><trkpt lat="35.5187074" lon="139.1440608"><ele>1234.39</ele><time>2024-12-01T00:34:07Z</time></trkpt><trkpt lat="35.5185065" lon="139.143988"><ele>1234.05</ele><time>2024-12-01T00:34:22Z</time></trkpt><trkpt lat="35.5183674" lon="139.1437997"><ele>1234.3833333333334</ele><time>2024-12-01T00:34:40Z</time></trkpt><trkpt lat="35.5182408" lon="139.1436328"><ele>1237.3933333333334</ele><time>2024-12-01T00:34:55Z</time></trkpt><trkpt lat="35.5180827" lon="139.1434927"><ele>1241.6233333333332</ele><time>2024-12-01T00:35:13Z</time></trkpt><trkpt lat="35.5179636" lon="139.143323"><ele>1245.7333333333333</ele><time>2024-12-01T00:35:41Z</time></trkpt><trkpt lat="35.5178521" lon="139.1431347"><ele>1249.5600000000002</ele><time>2024-12-01T00:36:18Z</time></trkpt><trkpt lat="35.5176783" lon="139.1430431"><ele>1256.3566666666666</ele><time>2024-12-01T00:36:51Z</time></trkpt><trkpt lat="35.5175384" lon="139.1428949"><ele>1262.8633333333335</ele><time>2024-12-01T00:37:12Z</time></trkpt><trkpt lat="35.5173498" lon="139.1428094"><ele>1267.9133333333332</ele><time>2024-12-01T00:37:36Z</time></trkpt><trkpt lat="35.5171888" lon="139.1426673"><ele>1271.3933333333334</ele><time>2024-12-01T00:38:12Z</time></trkpt><trkpt lat="35.5170532" lon="139.1425195"><ele>1276.7933333333333</ele><time>2024-12-01T00:38:45Z</time></trkpt><trkpt lat="35.5168987" lon="139.1423993"><ele>1282.2466666666667</ele><time>2024-12-01T00:38:59Z</time></trkpt><trkpt lat="35.5167328" lon="139.1422819"><ele>1286.12</ele><time>2024-12-01T00:39:26Z</time></trkpt><trkpt lat="35.516595" lon="139.1421347"><ele>1289.0600000000002</ele><time>2024-12-01T00:39:59Z</time></trkpt><trkpt lat="35.5164492" lon="139.1420033"><ele>1293.2166666666665</ele><time>2024-12-01T00:40:36Z</time></trkpt><trkpt lat="35.5162807" lon="139.141885"><ele>1297.11</ele><time>2024-12-01T00:41:02Z</time></trkpt><trkpt lat="35.5161881" lon="139.1416792"><ele>1301.6299999999999</ele><time>2024-12-01T00:41:54Z</time></trkpt><trkpt lat="35.5159924" lon="139.1416524"><ele>1304.8500000000001</ele><time>2024-12-01T00:42:08Z</time></trkpt><trkpt lat="35.5158358" lon="139.141541"><ele>1308.9466666666667</ele><time>2024-12-01T00:42:28Z</time></trkpt><trkpt lat="35.5156519" lon="139.1414682"><ele>1310.8700000000001</ele><time>2024-12-01T00:42:52Z</time></trkpt><trkpt lat="35.5155123" lon="139.1413106"><ele>1314.7866666666666</ele><time>2024-12-01T00:43:22Z</time></trkpt><trkpt lat="35.5153681" lon="139.1411505"><ele>1319.54</ele><time>2024-12-01T00:43:45Z</time></trkpt><trkpt lat="35.5152096" lon="139.1410281"><ele>1323.9099999999999</ele><time>2024-12-01T00:44:09Z</time></trkpt><trkpt lat="35.5150723" lon="139.140884"><ele>1327.1933333333334</ele><time>2024-12-01T00:44:33Z</time></trkpt><trkpt lat="35.514885" lon="139.140852"><ele>1328.2033333333334</ele><time>2024-12-01T00:44:53Z</time></trkpt><trkpt lat="35.5147101" lon="139.1407564"><ele>1330.43</ele><time>2024-12-01T00:45:15Z</time></trkpt><trkpt lat="35.5145586" lon="139.1406269"><ele>1333.5266666666666</ele><time>2024-12-01T00:45:39Z</time></trkpt><trkpt lat="35.5143933" lon="139.1404881"><ele>1337.5466666666669</ele><time>2024-12-01T00:46:08Z</time></trkpt><trkpt lat="35.5142403" lon="139.1403464"><ele>1341.5800000000002</ele><time>2024-12-01T00:46:29Z</time></trkpt><trkpt lat="35.5141209" lon="139.1401721"><ele>1345.0900000000001</ele><time>2024-12-01T00:46:53Z</time></trkpt><trkpt lat="35.5139921" lon="139.1399962"><ele>1349.9866666666667</ele><time>2024-12-01T00:47:21Z</time></trkpt><trkpt lat="35.5138946" lon="139.1397864"><ele>1355.54</ele><time>2024-12-01T00:47:56Z</time></trkpt><trkpt lat="35.5137606" lon="139.1396341"><ele>1360.54</ele><time>2024-12-01T00:48:14Z</time></trkpt><trkpt lat="35.5136278" lon="139.1394534"><ele>1364.16</ele><time>2024-12-01T00:48:40Z</time></trkpt><trkpt lat="35.5134877" lon="139.1392784"><ele>1366.3033333333333</ele><time>2024-12-01T00:49:06Z</time></trkpt><trkpt lat="35.5133408" lon="139.1391428"><ele>1368.8500000000001</ele><time>2024-12-01T00:49:36Z</time></trkpt><trkpt lat="35.5131995" lon="139.1389743"><ele>1372.6733333333334</ele><time>2024-12-01T00:50:06Z</time></trkpt><trkpt lat="35.5130618" lon="139.1388203"><ele>1377.1866666666665</ele><time>2024-12-01T00:50:29Z</time></trkpt><trkpt lat="35.5129323" lon="139.1386291"><ele>1380.9399999999998</ele><time>2024-12-01T00:50:53Z</time></trkpt><trkpt lat="35.5127717" lon="139.1384859"><ele>1383.9233333333334</ele><time>2024-12-01T00:51:13Z</time></trkpt><trkpt lat="35.5126309" lon="139.1383309"><ele>1386.0833333333333</ele><time>2024-12-01T00:51:38Z</time></trkpt><trkpt lat="35.5124912" lon="139.138186"><ele>1388.8433333333335</ele><time>2024-12-01T00:52:03Z</time></trkpt><trkpt lat="35.5123604" lon="139.1380134"><ele>1392.1599999999999</ele><time>2024-12-01T00:52:26Z</time></trkpt><trkpt lat="35.512196" lon="139.1379125"><ele>1395.0633333333333</ele><time>2024-12-01T00:52:44Z</time></trkpt><trkpt lat="35.5121035" lon="139.137716"><ele>1396.95</ele><time>2024-12-01T00:53:01Z</time></trkpt><trkpt lat="35.5119827" lon="139.1375384"><ele>1396.9866666666667</ele><time>2024-12-01T00:53:22Z</time></trkpt><trkpt lat="35.5119552" lon="139.1372912"><ele>1396.2</ele><time>2024-12-01T00:53:40Z</time></trkpt><trkpt lat="35.5119704" lon="139.137037"><ele>1395.7</ele><time>2024-12-01T00:53:57Z</time></trkpt><trkpt lat="35.5120316" lon="139.1367852"><ele>1395.2933333333333</ele><time>2024-12-01T00:54:15Z</time></trkpt><trkpt lat="35.5119814" lon="139.1365594"><ele>1396.6899999999998</ele><time>2024-12-01T00:54:30Z</time></trkpt><trkpt lat="35.5118689" lon="139.1363687"><ele>1398.66</ele><time>2024-12-01T00:54:49Z</time></trkpt><trkpt lat="35.5116834" lon="139.1364216"><ele>1401.3533333333335</ele><time>2024-12-01T00:55:10Z</time></trkpt><trkpt lat="35.5115323" lon="139.1362827"><ele>1404.0566666666666</ele><time>2024-12-01T00:55:33Z</time></trkpt><trkpt lat="35.5114433" lon="139.1360566"><ele>1406.39</ele><time>2024-12-01T00:55:54Z</time></trkpt><trkpt lat="35.5114323" lon="139.1358229"><ele>1408.4333333333334</ele><time>2024-12-01T00:56:14Z</time></trkpt><trkpt lat="35.5114803" lon="139.1356101"><ele>1410.5500000000002</ele><time>2024-12-01T00:56:31Z</time></trkpt><trkpt lat="35.5113693" lon="139.1354238"><ele>1411.6733333333334</ele><time>2024-12-01T00:56:48Z</time></trkpt><trkpt lat="35.5114053" lon="139.1352004"><ele>1413.3466666666666</ele><time>2024-12-01T00:57:06Z</time></trkpt><trkpt lat="35.5113605" lon="139.1349612"><ele>1413.92</ele><time>2024-12-01T00:57:23Z</time></trkpt><trkpt lat="35.5113746" lon="139.1347321"><ele>1415.1633333333332</ele><time>2024-12-01T00:57:38Z</time></trkpt><trkpt lat="35.5112545" lon="139.1345675"><ele>1416.8333333333333</ele><time>2024-12-01T00:57:58Z</time></trkpt><trkpt lat="35.5111114" lon="139.1344169"><ele>1419.8100000000002</ele><time>2024-12-01T00:58:24Z</time></trkpt><trkpt lat="35.5109596" lon="139.1342486"><ele>1423.1599999999999</ele><time>2024-12-01T00:58:49Z</time></trkpt><trkpt lat="35.5107945" lon="139.1341324"><ele>1426.5333333333335</ele><time>2024-12-01T00:59:13Z</time></trkpt><trkpt lat="35.5106472" lon="139.1339619"><ele>1428.5199999999998</ele><time>2024-12-01T00:59:33Z</time></trkpt><trkpt lat="35.5105384" lon="139.1337569"><ele>1428.1833333333332</ele><time>2024-12-01T00:59:54Z</time></trkpt><trkpt lat="35.510349" lon="139.1337485"><ele>1427.3266666666668</ele><time>2024-12-01T01:00:17Z</time></trkpt><trkpt lat="35.510157" lon="139.1337802"><ele>1425.7233333333334</ele><time>2024-12-01T01:00:36Z</time></trkpt><trkpt lat="35.509994" lon="139.1336073"><ele>1425.9433333333334</ele><time>2024-12-01T01:00:51Z</time></trkpt><trkpt lat="35.5098476" lon="139.1334472"><ele>1425.2766666666666</ele><time>2024-12-01T01:01:06Z</time></trkpt><trkpt lat="35.5097173" lon="139.133273"><ele>1425.1566666666668</ele><time>2024-12-01T01:01:24Z</time></trkpt><trkpt lat="35.5095644" lon="139.1331068"><ele>1423.9133333333332</ele><time>2024-12-01T01:01:44Z</time></trkpt><trkpt lat="35.5094038" lon="139.1329373"><ele>1422.7733333333333</ele><time>2024-12-01T01:02:19Z</time></trkpt><trkpt lat="35.5092992" lon="139.1327102"><ele>1421.2766666666666</ele><time>2024-12-01T01:02:34Z</time></trkpt><trkpt lat="35.5092715" lon="139.1324738"><ele>1419.0900000000001</ele><time>2024-12-01T01:07:43Z</time></trkpt><trkpt lat="35.5091456" lon="139.132307"><ele>1413.7</ele><time>2024-12-01T01:08:09Z</time></trkpt><trkpt lat="35.5089529" lon="139.132305"><ele>1406.5166666666667</ele><time>2024-12-01T01:08:48Z</time></trkpt><trkpt lat="35.5087766" lon="139.1322434"><ele>1398.5900000000001</ele><time>2024-12-01T01:09:15Z</time></trkpt><trkpt lat="35.5085765" lon="139.1321979"><ele>1391.0900000000001</ele><time>2024-12-01T01:09:42Z</time></trkpt><trkpt lat="35.5083927" lon="139.1321896"><ele>1384.0766666666668</ele><time>2024-12-01T01:10:26Z</time></trkpt><trkpt lat="35.5082091" lon="139.132061"><ele>1376.8133333333333</ele><time>2024-12-01T01:10:50Z</time></trkpt><trkpt lat="35.508006" lon="139.1319902"><ele>1370.9433333333334</ele><time>2024-12-01T01:11:08Z</time></trkpt><trkpt lat="35.5078286" lon="139.1319198"><ele>1366.0600000000002</ele><time>2024-12-01T01:12:15Z</time></trkpt><trkpt lat="35.5076236" lon="139.1319378"><ele>1363.8166666666666</ele><time>2024-12-01T01:12:30Z</time></trkpt><trkpt lat="35.5074394" lon="139.131867"><ele>1362.08</ele><time>2024-12-01T01:12:46Z</time></trkpt><trkpt lat="35.5072683" lon="139.1317839"><ele>1359.5433333333333</ele><time>2024-12-01T01:13:06Z</time></trkpt><trkpt lat="35.5070885" lon="139.131807"><ele>1357.3999999999999</ele><time>2024-12-01T01:13:24Z</time></trkpt><trkpt lat="35.5068936" lon="139.1318172"><ele>1355.2733333333335</ele><time>2024-12-01T01:13:39Z</time></trkpt><trkpt lat="35.5067256" lon="139.1319393"><ele>1354.5833333333333</ele><time>2024-12-01T01:13:54Z</time></trkpt><trkpt lat="35.5065737" lon="139.132103"><ele>1352.71</ele><time>2024-12-01T01:14:14Z</time></trkpt><trkpt lat="35.5063654" lon="139.1320659"><ele>1351.493333333333</ele><time>2024-12-01T01:14:32Z</time></trkpt><trkpt lat="35.5061583" lon="139.1320741"><ele>1349.6899999999998</ele><time>2024-12-01T01:14:51Z</time></trkpt><trkpt lat="35.5059591" lon="139.1320912"><ele>1347.82</ele><time>2024-12-01T01:15:09Z</time></trkpt><trkpt lat="35.5057821" lon="139.1321516"><ele>1345.3933333333334</ele><time>2024-12-01T01:15:35Z</time></trkpt><trkpt lat="35.5056253" lon="139.1322684"><ele>1343.0966666666668</ele><time>2024-12-01T01:15:56Z</time></trkpt><trkpt lat="35.5054188" lon="139.1322394"><ele>1339.72</ele><time>2024-12-01T01:16:14Z</time></trkpt><trkpt lat="35.5052229" lon="139.1323018"><ele>1335.83</ele><time>2024-12-01T01:17:01Z</time></trkpt><trkpt lat="35.5050611" lon="139.1321809"><ele>1332.8566666666668</ele><time>2024-12-01T01:17:49Z</time></trkpt><trkpt lat="35.5048663" lon="139.1321712"><ele>1330.7066666666667</ele><time>2024-12-01T01:17:57Z</time></trkpt><trkpt lat="35.5046749" lon="139.1322059"><ele>1328.29</ele><time>2024-12-01T01:18:12Z</time></trkpt><trkpt lat="35.5044621" lon="139.1322105"><ele>1325.1466666666668</ele><time>2024-12-01T01:18:27Z</time></trkpt><trkpt lat="35.5042707" lon="139.1322134"><ele>1322.7666666666667</ele><time>2024-12-01T01:18:39Z</time></trkpt><trkpt lat="35.5040748" lon="139.1323296"><ele>1321.6266666666668</ele><time>2024-12-01T01:18:53Z</time></trkpt><trkpt lat="35.5039019" lon="139.1324203"><ele>1321.2366666666667</ele><time>2024-12-01T01:19:08Z</time></trkpt><trkpt lat="35.5037626" lon="139.1325617"><ele>1320.93</ele><time>2024-12-01T01:19:22Z</time></trkpt><trkpt lat="35.5036014" lon="139.1326695"><ele>1320.5433333333333</ele><time>2024-12-01T01:19:33Z</time></trkpt><trkpt lat="35.503392" lon="139.1327474"><ele>1321.4066666666668</ele><time>2024-12-01T01:19:51Z</time></trkpt><trkpt lat="35.5032097" lon="139.1326894"><ele>1323.91</ele><time>2024-12-01T01:20:03Z</time></trkpt><trkpt lat="35.5030328" lon="139.1327599"><ele>1327.1066666666666</ele><time>2024-12-01T01:20:25Z</time></trkpt><trkpt lat="35.5028462" lon="139.1327452"><ele>1331.3066666666666</ele><time>2024-12-01T01:20:49Z</time></trkpt><trkpt lat="35.502667" lon="139.1326262"><ele>1334.67</ele><time>2024-12-01T01:21:16Z</time></trkpt><trkpt lat="35.5025087" lon="139.1325098"><ele>1338.1033333333335</ele><time>2024-12-01T01:21:37Z</time></trkpt><trkpt lat="35.5023207" lon="139.1324226"><ele>1339.8733333333332</ele><time>2024-12-01T01:22:13Z</time></trkpt><trkpt lat="35.5021829" lon="139.1322789"><ele>1341.6566666666668</ele><time>2024-12-01T01:22:24Z</time></trkpt><trkpt lat="35.50202" lon="139.1321368"><ele>1342.8833333333332</ele><time>2024-12-01T01:22:42Z</time></trkpt><trkpt lat="35.5018903" lon="139.1319823"><ele>1342.73</ele><time>2024-12-01T01:23:03Z</time></trkpt><trkpt lat="35.5017268" lon="139.1318714"><ele>1340.6533333333334</ele><time>2024-12-01T01:23:32Z</time></trkpt><trkpt lat="35.5017094" lon="139.1316313"><ele>1338.5500000000002</ele><time>2024-12-01T01:24:11Z</time></trkpt><trkpt lat="35.5015529" lon="139.1315182"><ele>1334.4866666666667</ele><time>2024-12-01T01:24:20Z</time></trkpt><trkpt lat="35.501369" lon="139.1314633"><ele>1329.84</ele><time>2024-12-01T01:24:31Z</time></trkpt><trkpt lat="35.5012398" lon="139.1312906"><ele>1324.2733333333333</ele><time>2024-12-01T01:24:46Z</time></trkpt><trkpt lat="35.5010676" lon="139.1312187"><ele>1321.7233333333334</ele><time>2024-12-01T01:25:01Z</time></trkpt><trkpt lat="35.5008918" lon="139.1311336"><ele>1321.5</ele><time>2024-12-01T01:25:19Z</time></trkpt><trkpt lat="35.5007062" lon="139.1311335"><ele>1323.6000000000001</ele><time>2024-12-01T01:25:43Z</time></trkpt><trkpt lat="35.5005224" lon="139.1312071"><ele>1325.4133333333334</ele><time>2024-12-01T01:26:14Z</time></trkpt><trkpt lat="35.5003312" lon="139.1312184"><ele>1328.2233333333334</ele><time>2024-12-01T01:26:35Z</time></trkpt><trkpt lat="35.5001412" lon="139.1311838"><ele>1331.9233333333334</ele><time>2024-12-01T01:27:01Z</time></trkpt><trkpt lat="35.4999501" lon="139.1312016"><ele>1336.24</ele><time>2024-12-01T01:27:22Z</time></trkpt><trkpt lat="35.4997805" lon="139.1310306"><ele>1339.0266666666669</ele><time>2024-12-01T01:27:43Z</time></trkpt><trkpt lat="35.4996516" lon="139.1311851"><ele>1339.0033333333333</ele><time>2024-12-01T01:27:58Z</time></trkpt><trkpt lat="35.4994878" lon="139.1313096"><ele>1337.5233333333333</ele><time>2024-12-01T01:28:19Z</time></trkpt><trkpt lat="35.4992897" lon="139.1313539"><ele>1338.4366666666667</ele><time>2024-12-01T01:28:43Z</time></trkpt><trkpt lat="35.4991242" lon="139.1314542"><ele>1340.3666666666668</ele><time>2024-12-01T01:29:07Z</time></trkpt><trkpt lat="35.4989631" lon="139.1316057"><ele>1342.8866666666665</ele><time>2024-12-01T01:29:29Z</time></trkpt><trkpt lat="35.4987885" lon="139.1315495"><ele>1341.8500000000001</ele><time>2024-12-01T01:29:49Z</time></trkpt><trkpt lat="35.4986216" lon="139.1316543"><ele>1338.51</ele><time>2024-12-01T01:30:13Z</time></trkpt><trkpt lat="35.4984936" lon="139.1318288"><ele>1334.18</ele><time>2024-12-01T01:30:31Z</time></trkpt><trkpt lat="35.4983072" lon="139.1319166"><ele>1331.216666666667</ele><time>2024-12-01T01:30:49Z</time></trkpt><trkpt lat="35.4982353" lon="139.1321432"><ele>1330.2</ele><time>2024-12-01T01:31:10Z</time></trkpt><trkpt lat="35.4981871" lon="139.1323559"><ele>1330.21</ele><time>2024-12-01T01:31:31Z</time></trkpt><trkpt lat="35.4980667" lon="139.1325221"><ele>1330.9633333333334</ele><time>2024-12-01T01:31:52Z</time></trkpt><trkpt lat="35.4978598" lon="139.132566"><ele>1333.62</ele><time>2024-12-01T01:32:10Z</time></trkpt><trkpt lat="35.4976575" lon="139.1326568"><ele>1334.8433333333332</ele><time>2024-12-01T01:32:34Z</time></trkpt><trkpt lat="35.4974596" lon="139.1326468"><ele>1336.3633333333335</ele><time>2024-12-01T01:32:52Z</time></trkpt><trkpt lat="35.4972929" lon="139.1327975"><ele>1337.3700000000001</ele><time>2024-12-01T01:33:19Z</time></trkpt><trkpt lat="35.4972864" lon="139.1330226"><ele>1337.496666666667</ele><time>2024-12-01T01:33:43Z</time></trkpt><trkpt lat="35.4971211" lon="139.1331842"><ele>1336.1233333333334</ele><time>2024-12-01T01:34:01Z</time></trkpt><trkpt lat="35.4969413" lon="139.1332031"><ele>1331.7533333333333</ele><time>2024-12-01T01:34:16Z</time></trkpt><trkpt lat="35.4967685" lon="139.1330509"><ele>1329.3999999999999</ele><time>2024-12-01T01:34:31Z</time></trkpt><trkpt lat="35.4965937" lon="139.1329607"><ele>1325.5966666666666</ele><time>2024-12-01T01:34:48Z</time></trkpt><trkpt lat="35.4963972" lon="139.1329588"><ele>1322.57</ele><time>2024-12-01T01:35:09Z</time></trkpt><trkpt lat="35.4961933" lon="139.1330135"><ele>1319.5</ele><time>2024-12-01T01:35:28Z</time></trkpt><trkpt lat="35.4960136" lon="139.13313"><ele>1320.3433333333335</ele><time>2024-12-01T01:35:49Z</time></trkpt><trkpt lat="35.4959554" lon="139.1333573"><ele>1323.4833333333333</ele><time>2024-12-01T01:36:25Z</time></trkpt><trkpt lat="35.4957776" lon="139.1334127"><ele>1328.8799999999999</ele><time>2024-12-01T01:37:05Z</time></trkpt><trkpt lat="35.495617" lon="139.1335279"><ele>1334.6933333333334</ele><time>2024-12-01T01:37:48Z</time></trkpt><trkpt lat="35.4954854" lon="139.133697"><ele>1341.1166666666668</ele><time>2024-12-01T01:38:41Z</time></trkpt><trkpt lat="35.4953665" lon="139.1338647"><ele>1349.8766666666668</ele><time>2024-12-01T01:39:32Z</time></trkpt><trkpt lat="35.4953027" lon="139.1340871"><ele>1357.9366666666667</ele><time>2024-12-01T01:39:53Z</time></trkpt><trkpt lat="35.4951009" lon="139.1340789"><ele>1363.4633333333334</ele><time>2024-12-01T01:40:22Z</time></trkpt><trkpt lat="35.4949998" lon="139.1342762"><ele>1366.04</ele><time>2024-12-01T01:41:01Z</time></trkpt><trkpt lat="35.4948527" lon="139.1344325"><ele>1364.99</ele><time>2024-12-01T01:41:53Z</time></trkpt><trkpt lat="35.4946595" lon="139.1344762"><ele>1360.98</ele><time>2024-12-01T01:42:05Z</time></trkpt><trkpt lat="35.494461" lon="139.134465"><ele>1355.2566666666667</ele><time>2024-12-01T01:42:17Z</time></trkpt><trkpt lat="35.4942673" lon="139.1345213"><ele>1352.8533333333335</ele><time>2024-12-01T01:42:53Z</time></trkpt><trkpt lat="35.4940973" lon="139.1344416"><ele>1355.8633333333335</ele><time>2024-12-01T01:43:44Z</time></trkpt><trkpt lat="35.4939469" lon="139.134307"><ele>1360.2866666666666</ele><time>2024-12-01T01:44:11Z</time></trkpt><trkpt lat="35.4937749" lon="139.1343883"><ele>1366.92</ele><time>2024-12-01T01:45:08Z</time></trkpt><trkpt lat="35.493584" lon="139.1344831"><ele>1373.7300000000002</ele><time>2024-12-01T01:45:35Z</time></trkpt><trkpt lat="35.4935182" lon="139.1347168"><ele>1380.9033333333336</ele><time>2024-12-01T01:46:02Z</time></trkpt><trkpt lat="35.4935025" lon="139.134944"><ele>1384.3100000000002</ele><time>2024-12-01T01:46:49Z</time></trkpt><trkpt lat="35.4934092" lon="139.1351331"><ele>1386.88</ele><time>2024-12-01T01:47:14Z</time></trkpt><trkpt lat="35.4932306" lon="139.1351708"><ele>1390.09</ele><time>2024-12-01T01:47:44Z</time></trkpt><trkpt lat="35.4930496" lon="139.1351611"><ele>1393.8466666666666</ele><time>2024-12-01T01:48:29Z</time></trkpt><trkpt lat="35.4928371" lon="139.1351815"><ele>1397.7666666666667</ele><time>2024-12-01T01:48:41Z</time></trkpt><trkpt lat="35.4926314" lon="139.1351229"><ele>1399.8333333333333</ele><time>2024-12-01T01:48:52Z</time></trkpt><trkpt lat="35.4925029" lon="139.135279"><ele>1402.43</ele><time>2024-12-01T01:49:28Z</time></trkpt><trkpt lat="35.4923226" lon="139.1353292"><ele>1406.1433333333334</ele><time>2024-12-01T01:50:07Z</time></trkpt><trkpt lat="35.4921865" lon="139.1354988"><ele>1412.62</ele><time>2024-12-01T01:51:10Z</time></trkpt><trkpt lat="35.4920479" lon="139.1356806"><ele>1418.8</ele><time>2024-12-01T01:51:31Z</time></trkpt><trkpt lat="35.491866" lon="139.1357828"><ele>1422.4466666666667</ele><time>2024-12-01T01:51:48Z</time></trkpt><trkpt lat="35.4916771" lon="139.1357577"><ele>1422.6533333333334</ele><time>2024-12-01T01:52:03Z</time></trkpt><trkpt lat="35.4914941" lon="139.1356791"><ele>1421.6533333333334</ele><time>2024-12-01T01:52:18Z</time></trkpt><trkpt lat="35.491304" lon="139.1356216"><ele>1421.39</ele><time>2024-12-01T01:52:36Z</time></trkpt><trkpt lat="35.4911308" lon="139.1355146"><ele>1422.9033333333336</ele><time>2024-12-01T01:53:50Z</time></trkpt><trkpt lat="35.4909441" lon="139.1354986"><ele>1425.0766666666668</ele><time>2024-12-01T01:54:37Z</time></trkpt><trkpt lat="35.4908059" lon="139.1353313"><ele>1430.47</ele><time>2024-12-01T01:55:02Z</time></trkpt><trkpt lat="35.490607" lon="139.1353089"><ele>1437.6433333333334</ele><time>2024-12-01T01:55:32Z</time></trkpt><trkpt lat="35.4904236" lon="139.1353762"><ele>1445.506666666667</ele><time>2024-12-01T01:56:26Z</time></trkpt><trkpt lat="35.4902474" lon="139.1354289"><ele>1449.9400000000003</ele><time>2024-12-01T01:56:41Z</time></trkpt><trkpt lat="35.4900512" lon="139.1354034"><ele>1453.2833333333335</ele><time>2024-12-01T01:57:24Z</time></trkpt><trkpt lat="35.4898598" lon="139.1354498"><ele>1456.6633333333332</ele><time>2024-12-01T01:58:00Z</time></trkpt><trkpt lat="35.489745" lon="139.1356286"><ele>1462.2600000000002</ele><time>2024-12-01T01:58:47Z</time></trkpt><trkpt lat="35.4895651" lon="139.1356917"><ele>1467.7933333333333</ele><time>2024-12-01T01:59:21Z</time></trkpt><trkpt lat="35.4895246" lon="139.1359103"><ele>1474.3433333333335</ele><time>2024-12-01T02:00:15Z</time></trkpt><trkpt lat="35.4894242" lon="139.1361011"><ele>1480.8166666666668</ele><time>2024-12-01T02:01:00Z</time></trkpt><trkpt lat="35.4892659" lon="139.1362331"><ele>1488.8466666666666</ele><time>2024-12-01T02:02:18Z</time></trkpt><trkpt lat="35.4891917" lon="139.1364431"><ele>1498.29</ele><time>2024-12-01T02:03:04Z</time></trkpt><trkpt lat="35.4892206" lon="139.1366727"><ele>1506.8300000000002</ele><time>2024-12-01T02:03:57Z</time></trkpt><trkpt lat="35.4890274" lon="139.1366772"><ele>1515.1933333333334</ele><time>2024-12-01T02:04:33Z</time></trkpt><trkpt lat="35.4888903" lon="139.136822"><ele>1523.0199999999998</ele><time>2024-12-01T02:05:18Z</time></trkpt><trkpt lat="35.4887316" lon="139.1369356"><ele>1531.0100000000002</ele><time>2024-12-01T02:05:41Z</time></trkpt><trkpt lat="35.4885719" lon="139.1370671"><ele>1536.8166666666668</ele><time>2024-12-01T02:06:13Z</time></trkpt><trkpt lat="35.4887049" lon="139.1372187"><ele>1542.2966666666669</ele><time>2024-12-01T02:07:15Z</time></trkpt><trkpt lat="35.4887113" lon="139.1374792"><ele>1547.2633333333333</ele><time>2024-12-01T02:07:39Z</time></trkpt><trkpt lat="35.4886221" lon="139.1376967"><ele>1551.6833333333334</ele><time>2024-12-01T02:08:40Z</time></trkpt><trkpt lat="35.4884441" lon="139.1377804"><ele>1554.3</ele><time>2024-12-01T02:08:55Z</time></trkpt><trkpt lat="35.4882765" lon="139.137939"><ele>1558.1266666666668</ele><time>2024-12-01T02:09:46Z</time></trkpt><trkpt lat="35.4880901" lon="139.1379043"><ele>1564.1866666666667</ele><time>2024-12-01T02:10:36Z</time></trkpt><trkpt lat="35.4879369" lon="139.1380241"><ele>1572.5633333333335</ele><time>2024-12-01T02:11:22Z</time></trkpt><trkpt lat="35.487755" lon="139.1379696"><ele>1580.8533333333332</ele><time>2024-12-01T02:11:46Z</time></trkpt><trkpt lat="35.4876351" lon="139.1381392"><ele>1590.3533333333335</ele><time>2024-12-01T02:13:07Z</time></trkpt><trkpt lat="35.4874677" lon="139.1382211"><ele>1599.8799999999999</ele><time>2024-12-01T02:14:01Z</time></trkpt><trkpt lat="35.4872857" lon="139.1382523"><ele>1611.2233333333334</ele><time>2024-12-01T02:15:16Z</time></trkpt><trkpt lat="35.4871026" lon="139.1383314"><ele>1621.62</ele><time>2024-12-01T02:16:01Z</time></trkpt><trkpt lat="35.4869278" lon="139.1382524"><ele>1631.3</ele><time>2024-12-01T02:16:25Z</time></trkpt><trkpt lat="35.4867476" lon="139.1383105"><ele>1638.4766666666667</ele><time>2024-12-01T02:17:43Z</time></trkpt><trkpt lat="35.4865422" lon="139.1382875"><ele>1645.2700000000002</ele><time>2024-12-01T02:18:10Z</time></trkpt><trkpt lat="35.4863539" lon="139.1383298"><ele>1652.12</ele><time>2024-12-01T02:18:43Z</time></trkpt><trkpt lat="35.4863251" lon="139.1385522"><ele>1658.8500000000001</ele><time>2024-12-01T02:19:45Z</time></trkpt><trkpt lat="35.486194" lon="139.1387193"><ele>1665.17</ele><time>2024-12-01T02:20:31Z</time></trkpt><trkpt lat="35.4860119" lon="139.1386467"><ele>1667.9833333333333</ele><time>2024-12-01T02:20:52Z</time></trkpt><trkpt lat="35.4858906" lon="139.1384777"><ele>1666.8700000000001</ele><time>2024-12-01T02:22:07Z</time></trkpt><trkpt lat="35.4860365" lon="139.1386493"><ele>1666.0</ele><time>2024-12-01T02:45:52Z</time></trkpt><trkpt lat="35.486174" lon="139.1388263"><ele>1666.9766666666667</ele><time>2024-12-01T02:46:13Z</time></trkpt><trkpt lat="35.4862636" lon="139.1390336"><ele>1670.3400000000001</ele><time>2024-12-01T02:46:34Z</time></trkpt><trkpt lat="35.4863193" lon="139.1392611"><ele>1670.966666666667</ele><time>2024-12-01T02:47:46Z</time></trkpt><trkpt lat="35.4861554" lon="139.1394051"><ele>1667.6066666666666</ele><time>2024-12-01T02:48:06Z</time></trkpt><trkpt lat="35.4862323" lon="139.1396161"><ele>1660.63</ele><time>2024-12-01T02:48:51Z</time></trkpt><trkpt lat="35.4862452" lon="139.1398393"><ele>1651.8133333333335</ele><time>2024-12-01T02:49:34Z</time></trkpt><trkpt lat="35.4861367" lon="139.1400358"><ele>1644.2133333333331</ele><time>2024-12-01T02:49:51Z</time></trkpt><trkpt lat="35.4860593" lon="139.140249"><ele>1638.18</ele><time>2024-12-01T02:50:31Z</time></trkpt><trkpt lat="35.4859711" lon="139.1404533"><ele>1631.456666666667</ele><time>2024-12-01T02:50:58Z</time></trkpt><trkpt lat="35.4859969" lon="139.1406775"><ele>1625.6133333333335</ele><time>2024-12-01T02:51:26Z</time></trkpt><trkpt lat="35.4858288" lon="139.1407991"><ele>1618.6033333333335</ele><time>2024-12-01T02:51:47Z</time></trkpt><trkpt lat="35.4857632" lon="139.1410069"><ele>1614.2533333333333</ele><time>2024-12-01T02:52:11Z</time></trkpt><trkpt lat="35.4856247" lon="139.1411884"><ele>1609.6166666666668</ele><time>2024-12-01T02:52:49Z</time></trkpt><trkpt lat="35.4854777" lon="139.1413416"><ele>1606.0766666666668</ele><time>2024-12-01T02:53:16Z</time></trkpt><trkpt lat="35.4854214" lon="139.1415649"><ele>1603.7966666666669</ele><time>2024-12-01T02:53:43Z</time></trkpt><trkpt lat="35.4853026" lon="139.1417511"><ele>1602.2833333333335</ele><time>2024-12-01T02:54:01Z</time></trkpt><trkpt lat="35.4851587" lon="139.1419433"><ele>1602.0133333333333</ele><time>2024-12-01T02:54:25Z</time></trkpt><trkpt lat="35.4850168" lon="139.1421175"><ele>1599.1599999999999</ele><time>2024-12-01T02:54:43Z</time></trkpt><trkpt lat="35.4849359" lon="139.1423229"><ele>1596.11</ele><time>2024-12-01T02:55:22Z</time></trkpt><trkpt lat="35.4848082" lon="139.142481"><ele>1592.57</ele><time>2024-12-01T02:55:52Z</time></trkpt><trkpt lat="35.4846841" lon="139.1426633"><ele>1588.28</ele><time>2024-12-01T02:56:28Z</time></trkpt><trkpt lat="35.4845718" lon="139.1428417"><ele>1582.3266666666666</ele><time>2024-12-01T02:57:22Z</time></trkpt><trkpt lat="35.4844068" lon="139.1429587"><ele>1576.0933333333335</ele><time>2024-12-01T02:57:36Z</time></trkpt><trkpt lat="35.4842519" lon="139.143074"><ele>1570.3766666666668</ele><time>2024-12-01T02:58:09Z</time></trkpt><trkpt lat="35.4841292" lon="139.143255"><ele>1565.1733333333334</ele><time>2024-12-01T02:58:38Z</time></trkpt><trkpt lat="35.4840617" lon="139.1434683"><ele>1559.7833333333335</ele><time>2024-12-01T02:59:18Z</time></trkpt><trkpt lat="35.4839892" lon="139.1436963"><ele>1554.5900000000001</ele><time>2024-12-01T02:59:39Z</time></trkpt><trkpt lat="35.4838894" lon="139.1438844"><ele>1549.8133333333335</ele><time>2024-12-01T02:59:59Z</time></trkpt><trkpt lat="35.483848" lon="139.1441134"><ele>1545.2933333333337</ele><time>2024-12-01T03:00:33Z</time></trkpt><trkpt lat="35.4838078" lon="139.1443526"><ele>1542.0200000000002</ele><time>2024-12-01T03:01:28Z</time></trkpt><trkpt lat="35.4837904" lon="139.144576"><ele>1537.3466666666666</ele><time>2024-12-01T03:02:23Z</time></trkpt><trkpt lat="35.4837485" lon="139.1447908"><ele>1536.0166666666667</ele><time>2024-12-01T03:03:05Z</time></trkpt><trkpt lat="35.4837154" lon="139.1450183"><ele>1537.75</ele><time>2024-12-01T03:03:57Z</time></trkpt><trkpt lat="35.4836246" lon="139.1452172"><ele>1546.2</ele><time>2024-12-01T03:04:38Z</time></trkpt><trkpt lat="35.4835611" lon="139.1454444"><ele>1554.2166666666665</ele><time>2024-12-01T03:05:24Z</time></trkpt><trkpt lat="35.4834687" lon="139.1456899"><ele>1560.8266666666668</ele><time>2024-12-01T03:05:44Z</time></trkpt><trkpt lat="35.4833623" lon="139.1458828"><ele>1565.6733333333334</ele><time>2024-12-01T03:06:02Z</time></trkpt><trkpt lat="35.483319" lon="139.1461053"><ele>1571.8933333333334</ele><time>2024-12-01T03:07:37Z</time></trkpt><trkpt lat="35.4833355" lon="139.1463286"><ele>1578.9099999999999</ele><time>2024-12-01T03:09:08Z</time></trkpt><trkpt lat="35.4832151" lon="139.1465166"><ele>1585.7866666666669</ele><time>2024-12-01T03:09:20Z</time></trkpt><trkpt lat="35.4830409" lon="139.1466112"><ele>1591.21</ele><time>2024-12-01T03:09:41Z</time></trkpt><trkpt lat="35.4828601" lon="139.1466125"><ele>1596.2766666666669</ele><time>2024-12-01T03:10:13Z</time></trkpt><trkpt lat="35.4826716" lon="139.1466508"><ele>1600.0866666666668</ele><time>2024-12-01T03:10:47Z</time></trkpt><trkpt lat="35.482471" lon="139.1465961"><ele>1602.8466666666666</ele><time>2024-12-01T03:11:09Z</time></trkpt><trkpt lat="35.4822839" lon="139.1465079"><ele>1604.5933333333335</ele><time>2024-12-01T03:11:33Z</time></trkpt><trkpt lat="35.4820936" lon="139.1464012"><ele>1605.24</ele><time>2024-12-01T03:11:56Z</time></trkpt><trkpt lat="35.4819112" lon="139.1463803"><ele>1605.0133333333333</ele><time>2024-12-01T03:12:11Z</time></trkpt><trkpt lat="35.4817317" lon="139.1463428"><ele>1603.87</ele><time>2024-12-01T03:12:29Z</time></trkpt><trkpt lat="35.4815221" lon="139.14631"><ele>1602.6866666666667</ele><time>2024-12-01T03:12:47Z</time></trkpt><trkpt lat="35.4813339" lon="139.1463433"><ele>1601.5866666666668</ele><time>2024-12-01T03:13:13Z</time></trkpt><trkpt lat="35.4812116" lon="139.146524"><ele>1599.9000000000003</ele><time>2024-12-01T03:13:36Z</time></trkpt><trkpt lat="35.4810323" lon="139.1464863"><ele>1598.3866666666665</ele><time>2024-12-01T03:13:54Z</time></trkpt><trkpt lat="35.4808577" lon="139.1465452"><ele>1596.4866666666667</ele><time>2024-12-01T03:14:12Z</time></trkpt><trkpt lat="35.4806549" lon="139.146567"><ele>1595.07</ele><time>2024-12-01T03:14:31Z</time></trkpt><trkpt lat="35.4804684" lon="139.1466276"><ele>1593.3700000000001</ele><time>2024-12-01T03:14:48Z</time></trkpt><trkpt lat="35.4803133" lon="139.1467578"><ele>1592.0333333333335</ele><time>2024-12-01T03:15:08Z</time></trkpt><trkpt lat="35.4801288" lon="139.1467732"><ele>1589.6733333333334</ele><time>2024-12-01T03:15:38Z</time></trkpt><trkpt lat="35.4799156" lon="139.1467683"><ele>1586.4333333333334</ele><time>2024-12-01T03:15:49Z</time></trkpt><trkpt lat="35.4797014" lon="139.1467766"><ele>1583.76</ele><time>2024-12-01T03:16:17Z</time></trkpt><trkpt lat="35.4795531" lon="139.1469023"><ele>1583.7466666666667</ele><time>2024-12-01T03:16:35Z</time></trkpt><trkpt lat="35.4795218" lon="139.14713"><ele>1586.6733333333334</ele><time>2024-12-01T03:17:20Z</time></trkpt><trkpt lat="35.4793744" lon="139.1473021"><ele>1589.8</ele><time>2024-12-01T03:17:50Z</time></trkpt><trkpt lat="35.4792476" lon="139.1474688"><ele>1591.5933333333335</ele><time>2024-12-01T03:18:11Z</time></trkpt><trkpt lat="35.479095" lon="139.1476147"><ele>1591.1466666666665</ele><time>2024-12-01T03:18:37Z</time></trkpt><trkpt lat="35.4789119" lon="139.1476295"><ele>1587.7633333333335</ele><time>2024-12-01T03:19:17Z</time></trkpt><trkpt lat="35.4787005" lon="139.1476677"><ele>1585.1666666666667</ele><time>2024-12-01T03:19:47Z</time></trkpt><trkpt lat="35.4785194" lon="139.1476878"><ele>1584.64</ele><time>2024-12-01T03:20:13Z</time></trkpt><trkpt lat="35.47834" lon="139.1477448"><ele>1587.7200000000003</ele><time>2024-12-01T03:20:52Z</time></trkpt><trkpt lat="35.4781712" lon="139.1478329"><ele>1590.2533333333333</ele><time>2024-12-01T03:21:17Z</time></trkpt><trkpt lat="35.4780165" lon="139.147994"><ele>1591.496666666667</ele><time>2024-12-01T03:21:40Z</time></trkpt><trkpt lat="35.4778524" lon="139.1481228"><ele>1591.8566666666668</ele><time>2024-12-01T03:22:05Z</time></trkpt><trkpt lat="35.4776561" lon="139.1481989"><ele>1592.4066666666668</ele><time>2024-12-01T03:22:29Z</time></trkpt><trkpt lat="35.4775038" lon="139.1483685"><ele>1592.9399999999998</ele><time>2024-12-01T03:22:50Z</time></trkpt><trkpt lat="35.4774008" lon="139.1485609"><ele>1592.6933333333334</ele><time>2024-12-01T03:23:11Z</time></trkpt><trkpt lat="35.4773256" lon="139.1487814"><ele>1589.3400000000001</ele><time>2024-12-01T03:23:47Z</time></trkpt><trkpt lat="35.4772832" lon="139.1489964"><ele>1582.8833333333332</ele><time>2024-12-01T03:24:13Z</time></trkpt><trkpt lat="35.4772228" lon="139.1492061"><ele>1576.1533333333334</ele><time>2024-12-01T03:24:36Z</time></trkpt><trkpt lat="35.4771235" lon="139.1494086"><ele>1570.8366666666668</ele><time>2024-12-01T03:25:10Z</time></trkpt><trkpt lat="35.4770326" lon="139.1496152"><ele>1569.9333333333334</ele><time>2024-12-01T03:25:27Z</time></trkpt><trkpt lat="35.4768846" lon="139.1497669"><ele>1573.506666666667</ele><time>2024-12-01T03:26:15Z</time></trkpt><trkpt lat="35.4767103" lon="139.1498536"><ele>1580.17</ele><time>2024-12-01T03:26:58Z</time></trkpt><trkpt lat="35.4767651" lon="139.1500753"><ele>1588.3766666666668</ele><time>2024-12-01T03:27:56Z</time></trkpt><trkpt lat="35.4767003" lon="139.1503104"><ele>1595.9766666666667</ele><time>2024-12-01T03:28:44Z</time></trkpt><trkpt lat="35.4767771" lon="139.1505187"><ele>1603.6466666666668</ele><time>2024-12-01T03:29:08Z</time></trkpt><trkpt lat="35.4766632" lon="139.150693"><ele>1608.3566666666666</ele><time>2024-12-01T03:29:40Z</time></trkpt><trkpt lat="35.4766308" lon="139.1509101"><ele>1610.2966666666669</ele><time>2024-12-01T03:29:58Z</time></trkpt><trkpt lat="35.4766462" lon="139.1511525"><ele>1610.6000000000001</ele><time>2024-12-01T03:30:20Z</time></trkpt><trkpt lat="35.4767183" lon="139.1513697"><ele>1610.86</ele><time>2024-12-01T03:30:38Z</time></trkpt><trkpt lat="35.4768687" lon="139.1515153"><ele>1610.9566666666667</ele><time>2024-12-01T03:30:58Z</time></trkpt><trkpt lat="35.4769782" lon="139.1517449"><ele>1610.93</ele><time>2024-12-01T03:31:17Z</time></trkpt><trkpt lat="35.4770329" lon="139.151975"><ele>1610.9533333333336</ele><time>2024-12-01T03:31:35Z</time></trkpt><trkpt lat="35.4769053" lon="139.1521534"><ele>1610.7133333333334</ele><time>2024-12-01T03:31:50Z</time></trkpt><trkpt lat="35.4769057" lon="139.1523795"><ele>1610.5</ele><time>2024-12-01T03:32:29Z</time></trkpt><trkpt lat="35.476957" lon="139.1526021"><ele>1609.04</ele><time>2024-12-01T03:32:41Z</time></trkpt><trkpt lat="35.4769936" lon="139.1528443"><ele>1606.2533333333333</ele><time>2024-12-01T03:33:01Z</time></trkpt><trkpt lat="35.4771301" lon="139.1530305"><ele>1601.0166666666667</ele><time>2024-12-01T03:33:27Z</time></trkpt><trkpt lat="35.4772789" lon="139.1531882"><ele>1594.9166666666667</ele><time>2024-12-01T03:34:05Z</time></trkpt><trkpt lat="35.477396" lon="139.1533842"><ele>1587.7933333333333</ele><time>2024-12-01T03:34:36Z</time></trkpt><trkpt lat="35.4774594" lon="139.1535915"><ele>1582.2133333333334</ele><time>2024-12-01T03:34:59Z</time></trkpt><trkpt lat="35.4774872" lon="139.1538102"><ele>1577.5866666666668</ele><time>2024-12-01T03:35:18Z</time></trkpt><trkpt lat="35.477602" lon="139.1539822"><ele>1574.8400000000001</ele><time>2024-12-01T03:35:32Z</time></trkpt><trkpt lat="35.4777598" lon="139.1541565"><ele>1571.676666666667</ele><time>2024-12-01T03:35:47Z</time></trkpt><trkpt lat="35.4778095" lon="139.1543884"><ele>1568.0233333333333</ele><time>2024-12-01T03:36:06Z</time></trkpt><trkpt lat="35.4777971" lon="139.1546114"><ele>1564.7700000000002</ele><time>2024-12-01T03:36:29Z</time></trkpt><trkpt lat="35.4778689" lon="139.1548411"><ele>1561.5966666666666</ele><time>2024-12-01T03:36:50Z</time></trkpt><trkpt lat="35.477953" lon="139.1550382"><ele>1558.0766666666668</ele><time>2024-12-01T03:37:29Z</time></trkpt><trkpt lat="35.478087" lon="139.1552074"><ele>1553.1533333333334</ele><time>2024-12-01T03:37:56Z</time></trkpt><trkpt lat="35.4782405" lon="139.1553599"><ele>1548.93</ele><time>2024-12-01T03:38:17Z</time></trkpt><trkpt lat="35.4782869" lon="139.1556085"><ele>1546.49</ele><time>2024-12-01T03:38:35Z</time></trkpt><trkpt lat="35.478362" lon="139.1558143"><ele>1545.8233333333335</ele><time>2024-12-01T03:38:53Z</time></trkpt><trkpt lat="35.4783866" lon="139.1560503"><ele>1545.9400000000003</ele><time>2024-12-01T03:39:14Z</time></trkpt><trkpt lat="35.4783721" lon="139.1562866"><ele>1545.74</ele><time>2024-12-01T03:39:32Z</time></trkpt><trkpt lat="35.4784176" lon="139.1565212"><ele>1544.8033333333333</ele><time>2024-12-01T03:40:05Z</time></trkpt><trkpt lat="35.4785171" lon="139.1567437"><ele>1542.6933333333334</ele><time>2024-12-01T03:40:26Z</time></trkpt><trkpt lat="35.478522" lon="139.1569652"><ele>1539.46</ele><time>2024-12-01T03:40:44Z</time></trkpt><trkpt lat="35.4785011" lon="139.1571866"><ele>1535.95</ele><time>2024-12-01T03:41:13Z</time></trkpt><trkpt lat="35.4784346" lon="139.1573934"><ele>1531.4766666666667</ele><time>2024-12-01T03:41:34Z</time></trkpt><trkpt lat="35.4783667" lon="139.1576046"><ele>1527.5133333333333</ele><time>2024-12-01T03:41:55Z</time></trkpt><trkpt lat="35.4782882" lon="139.1578139"><ele>1522.4333333333334</ele><time>2024-12-01T03:42:25Z</time></trkpt><trkpt lat="35.4781706" lon="139.1580034"><ele>1517.4266666666665</ele><time>2024-12-01T03:42:52Z</time></trkpt><trkpt lat="35.4780749" lon="139.1582283"><ele>1511.41</ele><time>2024-12-01T03:43:25Z</time></trkpt><trkpt lat="35.4780021" lon="139.1584351"><ele>1504.8033333333333</ele><time>2024-12-01T03:43:58Z</time></trkpt><trkpt lat="35.4778537" lon="139.1585756"><ele>1497.95</ele><time>2024-12-01T03:44:25Z</time></trkpt><trkpt lat="35.4776677" lon="139.1586171"><ele>1490.9800000000002</ele><time>2024-12-01T03:45:14Z</time></trkpt><trkpt lat="35.4774997" lon="139.1585031"><ele>1483.3233333333335</ele><time>2024-12-01T03:46:05Z</time></trkpt><trkpt lat="35.4774328" lon="139.1587401"><ele>1473.7133333333334</ele><time>2024-12-01T03:47:02Z</time></trkpt><trkpt lat="35.4773888" lon="139.1590325"><ele>1464.6866666666667</ele><time>2024-12-01T03:47:19Z</time></trkpt><trkpt lat="35.4772577" lon="139.1591876"><ele>1459.2300000000002</ele><time>2024-12-01T03:47:37Z</time></trkpt><trkpt lat="35.477109" lon="139.1593126"><ele>1458.8133333333335</ele><time>2024-12-01T03:48:17Z</time></trkpt><trkpt lat="35.4769959" lon="139.159535"><ele>1460.63</ele><time>2024-12-01T03:48:47Z</time></trkpt><trkpt lat="35.4768568" lon="139.1596853"><ele>1461.9733333333334</ele><time>2024-12-01T03:49:14Z</time></trkpt><trkpt lat="35.4767421" lon="139.1598719"><ele>1461.78</ele><time>2024-12-01T03:49:34Z</time></trkpt><trkpt lat="35.4766022" lon="139.1600348"><ele>1459.7633333333333</ele><time>2024-12-01T03:50:35Z</time></trkpt><trkpt lat="35.4766174" lon="139.1602812"><ele>1458.24</ele><time>2024-12-01T03:50:59Z</time></trkpt><trkpt lat="35.4765816" lon="139.1604977"><ele>1459.2233333333334</ele><time>2024-12-01T03:51:16Z</time></trkpt><trkpt lat="35.4764092" lon="139.1604264"><ele>1464.5400000000002</ele><time>2024-12-01T03:52:19Z</time></trkpt><trkpt lat="35.4762128" lon="139.1604061"><ele>1472.9833333333333</ele><time>2024-12-01T03:52:56Z</time></trkpt><trkpt lat="35.4761033" lon="139.1605892"><ele>1482.9533333333336</ele><time>2024-12-01T03:54:08Z</time></trkpt><trkpt lat="35.4759612" lon="139.1607374"><ele>1493.3433333333335</ele><time>2024-12-01T03:54:59Z</time></trkpt><trkpt lat="35.4758404" lon="139.1609144"><ele>1502.5733333333335</ele><time>2024-12-01T03:55:56Z</time></trkpt><trkpt lat="35.4756722" lon="139.1610135"><ele>1511.9733333333334</ele><time>2024-12-01T03:56:32Z</time></trkpt><trkpt lat="35.4754732" lon="139.1610601"><ele>1519.43</ele><time>2024-12-01T03:57:41Z</time></trkpt><trkpt lat="35.475301" lon="139.1611279"><ele>1526.25</ele><time>2024-12-01T03:58:02Z</time></trkpt><trkpt lat="35.4752016" lon="139.161338"><ele>1532.57</ele><time>2024-12-01T03:58:41Z</time></trkpt><trkpt lat="35.47513" lon="139.161541"><ele>1538.7</ele><time>2024-12-01T03:59:29Z</time></trkpt><trkpt lat="35.4750727" lon="139.1617599"><ele>1545.1166666666668</ele><time>2024-12-01T04:00:05Z</time></trkpt><trkpt lat="35.4750608" lon="139.1620008"><ele>1548.6133333333335</ele><time>2024-12-01T04:00:41Z</time></trkpt><trkpt lat="35.475155" lon="139.1622112"><ele>1551.216666666667</ele><time>2024-12-01T04:01:08Z</time></trkpt><trkpt lat="35.4750268" lon="139.1623896"><ele>1553.0466666666669</ele><time>2024-12-01T04:01:31Z</time></trkpt><trkpt lat="35.4748627" lon="139.1625348"><ele>1556.0233333333333</ele><time>2024-12-01T04:01:55Z</time></trkpt><trkpt lat="35.4747468" lon="139.1627149"><ele>1559.2533333333333</ele><time>2024-12-01T04:02:26Z</time></trkpt><trkpt lat="35.4746006" lon="139.1628807"><ele>1561.9799999999998</ele><time>2024-12-01T04:02:59Z</time></trkpt><trkpt lat="35.4744276" lon="139.1630326"><ele>1563.2166666666665</ele><time>2024-12-01T04:03:20Z</time></trkpt><trkpt lat="35.4744148" lon="139.162802"><ele>1564.3166666666666</ele><time>2024-12-01T04:10:07Z</time></trkpt><trkpt lat="35.4742346" lon="139.1627439"><ele>1564.9933333333336</ele><time>2024-12-01T04:10:28Z</time></trkpt><trkpt lat="35.4740837" lon="139.1628746"><ele>1564.3433333333335</ele><time>2024-12-01T04:11:07Z</time></trkpt><trkpt lat="35.4739524" lon="139.1630797"><ele>1562.17</ele><time>2024-12-01T04:11:49Z</time></trkpt><trkpt lat="35.4737734" lon="139.1631903"><ele>1557.37</ele><time>2024-12-01T04:12:01Z</time></trkpt><trkpt lat="35.4735822" lon="139.1632448"><ele>1552.1500000000003</ele><time>2024-12-01T04:12:19Z</time></trkpt><trkpt lat="35.4733893" lon="139.1633657"><ele>1546.5933333333335</ele><time>2024-12-01T04:13:09Z</time></trkpt><trkpt lat="35.4732063" lon="139.1634647"><ele>1542.5199999999998</ele><time>2024-12-01T04:13:18Z</time></trkpt><trkpt lat="35.4730243" lon="139.1635118"><ele>1538.8866666666665</ele><time>2024-12-01T04:13:24Z</time></trkpt><trkpt lat="35.4728535" lon="139.1635877"><ele>1535.6366666666665</ele><time>2024-12-01T04:13:43Z</time></trkpt><trkpt lat="35.4726714" lon="139.1635154"><ele>1532.966666666667</ele><time>2024-12-01T04:14:24Z</time></trkpt><trkpt lat="35.4724912" lon="139.163552"><ele>1530.3966666666665</ele><time>2024-12-01T04:14:42Z</time></trkpt><trkpt lat="35.4724321" lon="139.1637609"><ele>1526.4466666666667</ele><time>2024-12-01T04:15:03Z</time></trkpt><trkpt lat="35.47229" lon="139.1635807"><ele>1522.64</ele><time>2024-12-01T04:15:15Z</time></trkpt><trkpt lat="35.4721258" lon="139.1634844"><ele>1518.0500000000002</ele><time>2024-12-01T04:15:34Z</time></trkpt><trkpt lat="35.4719445" lon="139.1634505"><ele>1514.6933333333334</ele><time>2024-12-01T04:16:06Z</time></trkpt><trkpt lat="35.4717739" lon="139.1633792"><ele>1509.9166666666667</ele><time>2024-12-01T04:16:21Z</time></trkpt><trkpt lat="35.4715801" lon="139.1632958"><ele>1506.2866666666669</ele><time>2024-12-01T04:16:39Z</time></trkpt><trkpt lat="35.4713716" lon="139.1632308"><ele>1502.1166666666668</ele><time>2024-12-01T04:16:58Z</time></trkpt><trkpt lat="35.4711891" lon="139.1632239"><ele>1498.24</ele><time>2024-12-01T04:17:12Z</time></trkpt><trkpt lat="35.4710067" lon="139.1633033"><ele>1494.1266666666668</ele><time>2024-12-01T04:17:26Z</time></trkpt><trkpt lat="35.4708325" lon="139.1633756"><ele>1490.5833333333333</ele><time>2024-12-01T04:17:42Z</time></trkpt><trkpt lat="35.4706055" lon="139.16338"><ele>1487.4533333333331</ele><time>2024-12-01T04:17:57Z</time></trkpt><trkpt lat="35.4704118" lon="139.1633766"><ele>1484.4733333333334</ele><time>2024-12-01T04:18:18Z</time></trkpt><trkpt lat="35.4702381" lon="139.1635193"><ele>1480.8333333333333</ele><time>2024-12-01T04:18:37Z</time></trkpt><trkpt lat="35.4700951" lon="139.1636568"><ele>1476.9766666666667</ele><time>2024-12-01T04:18:52Z</time></trkpt><trkpt lat="35.4699537" lon="139.1638414"><ele>1473.5166666666667</ele><time>2024-12-01T04:19:10Z</time></trkpt><trkpt lat="35.469774" lon="139.1638905"><ele>1472.0133333333333</ele><time>2024-12-01T04:19:25Z</time></trkpt><trkpt lat="35.469612" lon="139.1639971"><ele>1473.1633333333332</ele><time>2024-12-01T04:19:43Z</time></trkpt><trkpt lat="35.4694968" lon="139.1641867"><ele>1476.4399999999998</ele><time>2024-12-01T04:20:22Z</time></trkpt><trkpt lat="35.4693972" lon="139.1643717"><ele>1481.256666666667</ele><time>2024-12-01T04:20:40Z</time></trkpt><trkpt lat="35.4692537" lon="139.1645255"><ele>1486.0033333333333</ele><time>2024-12-01T04:21:31Z</time></trkpt><trkpt lat="35.4690821" lon="139.1646142"><ele>1489.426666666667</ele><time>2024-12-01T04:21:52Z</time></trkpt><trkpt lat="35.4689832" lon="139.1648303"><ele>1491.006666666667</ele><time>2024-12-01T04:22:19Z</time></trkpt><trkpt lat="35.4688307" lon="139.16495"><ele>1491.3633333333335</ele><time>2024-12-01T04:22:31Z</time></trkpt><trkpt lat="35.4687009" lon="139.1651295"><ele>1493.1666666666667</ele><time>2024-12-01T04:22:45Z</time></trkpt><trkpt lat="35.468523" lon="139.1652297"><ele>1495.75</ele><time>2024-12-01T04:23:04Z</time></trkpt><trkpt lat="35.4683354" lon="139.1652094"><ele>1498.8100000000002</ele><time>2024-12-01T04:23:22Z</time></trkpt><trkpt lat="35.4681272" lon="139.1652248"><ele>1500.5033333333333</ele><time>2024-12-01T04:23:45Z</time></trkpt><trkpt lat="35.4679459" lon="139.165255"><ele>1501.3433333333332</ele><time>2024-12-01T04:24:00Z</time></trkpt><trkpt lat="35.4677648" lon="139.165215"><ele>1501.3333333333333</ele><time>2024-12-01T04:24:16Z</time></trkpt><trkpt lat="35.4675802" lon="139.1652301"><ele>1499.8833333333332</ele><time>2024-12-01T04:24:33Z</time></trkpt><trkpt lat="35.4673641" lon="139.1653083"><ele>1495.54</ele><time>2024-12-01T04:25:22Z</time></trkpt><trkpt lat="35.4672159" lon="139.1654535"><ele>1489.8033333333333</ele><time>2024-12-01T04:25:37Z</time></trkpt><trkpt lat="35.4670193" lon="139.1654357"><ele>1484.243333333333</ele><time>2024-12-01T04:25:57Z</time></trkpt><trkpt lat="35.4668606" lon="139.1655936"><ele>1479.8433333333332</ele><time>2024-12-01T04:26:15Z</time></trkpt><trkpt lat="35.4666827" lon="139.1656813"><ele>1475.64</ele><time>2024-12-01T04:26:34Z</time></trkpt><trkpt lat="35.4665481" lon="139.1658458"><ele>1470.0633333333335</ele><time>2024-12-01T04:26:54Z</time></trkpt><trkpt lat="35.4663667" lon="139.1659124"><ele>1466.0466666666669</ele><time>2024-12-01T04:27:08Z</time></trkpt><trkpt lat="35.466174" lon="139.1659395"><ele>1464.1433333333334</ele><time>2024-12-01T04:27:29Z</time></trkpt><trkpt lat="35.465983" lon="139.1659322"><ele>1464.2133333333334</ele><time>2024-12-01T04:27:50Z</time></trkpt><trkpt lat="35.4658011" lon="139.1659903"><ele>1462.6200000000001</ele><time>2024-12-01T04:28:33Z</time></trkpt><trkpt lat="35.4656487" lon="139.1662058"><ele>1459.1533333333336</ele><time>2024-12-01T04:28:54Z</time></trkpt><trkpt lat="35.465442" lon="139.1661945"><ele>1455.506666666667</ele><time>2024-12-01T04:29:09Z</time></trkpt><trkpt lat="35.4653018" lon="139.1660325"><ele>1454.0333333333335</ele><time>2024-12-01T04:29:36Z</time></trkpt><trkpt lat="35.465115" lon="139.1659511"><ele>1453.25</ele><time>2024-12-01T04:29:51Z</time></trkpt><trkpt lat="35.4649319" lon="139.165879"><ele>1452.4466666666667</ele><time>2024-12-01T04:30:06Z</time></trkpt><trkpt lat="35.4647624" lon="139.1659647"><ele>1449.87</ele><time>2024-12-01T04:30:20Z</time></trkpt><trkpt lat="35.4645892" lon="139.1660356"><ele>1446.6233333333332</ele><time>2024-12-01T04:30:41Z</time></trkpt><trkpt lat="35.464402" lon="139.1660644"><ele>1440.54</ele><time>2024-12-01T04:31:04Z</time></trkpt><trkpt lat="35.4642058" lon="139.1660915"><ele>1434.2033333333336</ele><time>2024-12-01T04:31:28Z</time></trkpt><trkpt lat="35.464003" lon="139.166143"><ele>1428.1433333333334</ele><time>2024-12-01T04:31:46Z</time></trkpt><trkpt lat="35.4638178" lon="139.1661183"><ele>1427.4466666666667</ele><time>2024-12-01T04:32:06Z</time></trkpt><trkpt lat="35.4636347" lon="139.1660844"><ele>1430.5466666666664</ele><time>2024-12-01T04:32:34Z</time></trkpt><trkpt lat="35.4634395" lon="139.166081"><ele>1436.1200000000001</ele><time>2024-12-01T04:33:12Z</time></trkpt><trkpt lat="35.4632288" lon="139.1660909"><ele>1440.6033333333335</ele><time>2024-12-01T04:33:40Z</time></trkpt><trkpt lat="35.4630357" lon="139.1661246"><ele>1443.9466666666667</ele><time>2024-12-01T04:34:01Z</time></trkpt><trkpt lat="35.462849" lon="139.1661649"><ele>1446.04</ele><time>2024-12-01T04:34:18Z</time></trkpt><trkpt lat="35.4626438" lon="139.1661356"><ele>1449.8366666666668</ele><time>2024-12-01T04:34:40Z</time></trkpt><trkpt lat="35.4624488" lon="139.1660991"><ele>1454.3533333333332</ele><time>2024-12-01T04:35:07Z</time></trkpt><trkpt lat="35.4622589" lon="139.1661196"><ele>1458.5166666666667</ele><time>2024-12-01T04:35:28Z</time></trkpt><trkpt lat="35.4622196" lon="139.1658751"><ele>1460.2333333333333</ele><time>2024-12-01T04:35:52Z</time></trkpt><trkpt lat="35.4621026" lon="139.1656899"><ele>1459.8666666666668</ele><time>2024-12-01T04:36:07Z</time></trkpt><trkpt lat="35.4619808" lon="139.1655181"><ele>1459.22</ele><time>2024-12-01T04:36:22Z</time></trkpt><trkpt lat="35.4618252" lon="139.1653505"><ele>1458.7833333333335</ele><time>2024-12-01T04:36:40Z</time></trkpt><trkpt lat="35.4616975" lon="139.1651694"><ele>1459.1133333333335</ele><time>2024-12-01T04:36:55Z</time></trkpt><trkpt lat="35.4615023" lon="139.1651597"><ele>1458.96</ele><time>2024-12-01T04:37:13Z</time></trkpt><trkpt lat="35.4613443" lon="139.1653135"><ele>1456.7300000000002</ele><time>2024-12-01T04:37:36Z</time></trkpt><trkpt lat="35.4611518" lon="139.1652502"><ele>1452.4133333333332</ele><time>2024-12-01T04:37:54Z</time></trkpt><trkpt lat="35.460973" lon="139.1652145"><ele>1446.7933333333333</ele><time>2024-12-01T04:38:29Z</time></trkpt><trkpt lat="35.4607759" lon="139.1651889"><ele>1440.4866666666667</ele><time>2024-12-01T04:39:03Z</time></trkpt><trkpt lat="35.4605902" lon="139.1652134"><ele>1433.1599999999999</ele><time>2024-12-01T04:39:21Z</time></trkpt><trkpt lat="35.46039" lon="139.165178"><ele>1426.7699999999998</ele><time>2024-12-01T04:39:39Z</time></trkpt><trkpt lat="35.4601944" lon="139.1651342"><ele>1422.0900000000001</ele><time>2024-12-01T04:39:57Z</time></trkpt><trkpt lat="35.4599951" lon="139.1651063"><ele>1420.0933333333332</ele><time>2024-12-01T04:40:15Z</time></trkpt><trkpt lat="35.4598065" lon="139.1651038"><ele>1420.8566666666666</ele><time>2024-12-01T04:40:30Z</time></trkpt><trkpt lat="35.4596157" lon="139.1651251"><ele>1424.0900000000001</ele><time>2024-12-01T04:40:49Z</time></trkpt><trkpt lat="35.4594268" lon="139.1651535"><ele>1427.8166666666666</ele><time>2024-12-01T04:41:16Z</time></trkpt><trkpt lat="35.4592725" lon="139.1650231"><ele>1429.6533333333334</ele><time>2024-12-01T04:41:30Z</time></trkpt><trkpt lat="35.459097" lon="139.1649552"><ele>1428.0466666666669</ele><time>2024-12-01T04:41:46Z</time></trkpt><trkpt lat="35.4589155" lon="139.1650068"><ele>1425.6633333333332</ele><time>2024-12-01T04:42:01Z</time></trkpt><trkpt lat="35.4587251" lon="139.1650074"><ele>1423.1833333333334</ele><time>2024-12-01T04:42:22Z</time></trkpt><trkpt lat="35.4585378" lon="139.1650736"><ele>1420.9766666666667</ele><time>2024-12-01T04:42:52Z</time></trkpt><trkpt lat="35.4583549" lon="139.1651082"><ele>1417.0133333333333</ele><time>2024-12-01T04:43:22Z</time></trkpt><trkpt lat="35.4581644" lon="139.1651167"><ele>1411.4399999999998</ele><time>2024-12-01T04:43:42Z</time></trkpt><trkpt lat="35.4579636" lon="139.1651322"><ele>1403.5533333333333</ele><time>2024-12-01T04:44:14Z</time></trkpt><trkpt lat="35.4577845" lon="139.1651857"><ele>1397.3266666666666</ele><time>2024-12-01T04:44:38Z</time></trkpt><trkpt lat="35.457609" lon="139.165122"><ele>1394.243333333333</ele><time>2024-12-01T04:45:03Z</time></trkpt><trkpt lat="35.4574892" lon="139.1652928"><ele>1395.8</ele><time>2024-12-01T04:45:24Z</time></trkpt><trkpt lat="35.4573627" lon="139.1654659"><ele>1397.93</ele><time>2024-12-01T04:45:45Z</time></trkpt><trkpt lat="35.4571816" lon="139.1655136"><ele>1399.3366666666668</ele><time>2024-12-01T04:45:59Z</time></trkpt><trkpt lat="35.4569947" lon="139.1654767"><ele>1400.3366666666668</ele><time>2024-12-01T04:46:14Z</time></trkpt><trkpt lat="35.456806" lon="139.1653788"><ele>1401.8266666666666</ele><time>2024-12-01T04:46:32Z</time></trkpt><trkpt lat="35.4566197" lon="139.1653772"><ele>1403.1066666666668</ele><time>2024-12-01T04:46:52Z</time></trkpt><trkpt lat="35.4565274" lon="139.1651866"><ele>1406.2333333333333</ele><time>2024-12-01T04:47:19Z</time></trkpt><trkpt lat="35.4563893" lon="139.1650213"><ele>1408.5100000000002</ele><time>2024-12-01T04:47:40Z</time></trkpt><trkpt lat="35.4562638" lon="139.1648491"><ele>1411.82</ele><time>2024-12-01T04:48:01Z</time></trkpt><trkpt lat="35.4561583" lon="139.1646661"><ele>1415.1533333333334</ele><time>2024-12-01T04:49:04Z</time></trkpt><trkpt lat="35.4560384" lon="139.1644971"><ele>1419.1633333333332</ele><time>2024-12-01T04:49:34Z</time></trkpt><trkpt lat="35.4558915" lon="139.1643538"><ele>1421.9466666666667</ele><time>2024-12-01T04:50:12Z</time></trkpt><trkpt lat="35.4557729" lon="139.1641856"><ele>1424.9933333333336</ele><time>2024-12-01T04:50:52Z</time></trkpt><trkpt lat="35.4556178" lon="139.1640732"><ele>1431.17</ele><time>2024-12-01T04:51:25Z</time></trkpt><trkpt lat="35.4554413" lon="139.1639843"><ele>1439.8033333333333</ele><time>2024-12-01T04:51:52Z</time></trkpt><trkpt lat="35.4553355" lon="139.1637712"><ele>1448.54</ele><time>2024-12-01T04:52:13Z</time></trkpt><trkpt lat="35.4551546" lon="139.1637698"><ele>1455.1166666666668</ele><time>2024-12-01T04:52:40Z</time></trkpt><trkpt lat="35.4549975" lon="139.1636606"><ele>1463.5933333333332</ele><time>2024-12-01T04:53:31Z</time></trkpt><trkpt lat="35.4548545" lon="139.1635217"><ele>1472.3766666666668</ele><time>2024-12-01T04:54:10Z</time></trkpt><trkpt lat="35.4546905" lon="139.1633767"><ele>1480.6433333333334</ele><time>2024-12-01T04:54:43Z</time></trkpt><trkpt lat="35.4545414" lon="139.1632274"><ele>1485.61</ele><time>2024-12-01T04:55:04Z</time></trkpt><trkpt lat="35.4543373" lon="139.1631941"><ele>1487.9533333333336</ele><time>2024-12-01T04:55:43Z</time></trkpt><trkpt lat="35.454185" lon="139.1633554"><ele>1489.6566666666668</ele><time>2024-12-01T04:57:07Z</time></trkpt><trkpt lat="35.4539798" lon="139.1633322"><ele>1490.2666666666667</ele><time>2024-12-01T05:01:43Z</time></trkpt><trkpt lat="35.4537907" lon="139.1633144"><ele>1489.0433333333333</ele><time>2024-12-01T05:02:10Z</time></trkpt><trkpt lat="35.4535866" lon="139.1632968"><ele>1483.6366666666665</ele><time>2024-12-01T05:02:40Z</time></trkpt><trkpt lat="35.4534634" lon="139.1631104"><ele>1475.1466666666668</ele><time>2024-12-01T05:03:00Z</time></trkpt><trkpt lat="35.4532898" lon="139.1630387"><ele>1466.5200000000002</ele><time>2024-12-01T05:03:26Z</time></trkpt><trkpt lat="35.4531976" lon="139.1628342"><ele>1460.0166666666667</ele><time>2024-12-01T05:03:47Z</time></trkpt><trkpt lat="35.4531035" lon="139.162636"><ele>1454.0633333333335</ele><time>2024-12-01T05:04:10Z</time></trkpt><trkpt lat="35.4529236" lon="139.1625056"><ele>1446.9166666666667</ele><time>2024-12-01T05:04:55Z</time></trkpt><trkpt lat="35.452762" lon="139.1623289"><ele>1439.0766666666668</ele><time>2024-12-01T05:05:09Z</time></trkpt><trkpt lat="35.4525766" lon="139.1622406"><ele>1432.2866666666666</ele><time>2024-12-01T05:05:28Z</time></trkpt><trkpt lat="35.4523993" lon="139.1621101"><ele>1426.11</ele><time>2024-12-01T05:05:48Z</time></trkpt><trkpt lat="35.4522111" lon="139.1622268"><ele>1420.1499999999999</ele><time>2024-12-01T05:06:06Z</time></trkpt><trkpt lat="35.4520322" lon="139.1621655"><ele>1414.3333333333333</ele><time>2024-12-01T05:06:30Z</time></trkpt><trkpt lat="35.4518444" lon="139.1620157"><ele>1409.8266666666668</ele><time>2024-12-01T05:06:47Z</time></trkpt><trkpt lat="35.4516635" lon="139.1619264"><ele>1407.246666666667</ele><time>2024-12-01T05:06:56Z</time></trkpt><trkpt lat="35.4514799" lon="139.1618337"><ele>1405.1433333333334</ele><time>2024-12-01T05:07:15Z</time></trkpt><trkpt lat="35.4513776" lon="139.1616448"><ele>1404.1966666666667</ele><time>2024-12-01T05:07:30Z</time></trkpt><trkpt lat="35.4512079" lon="139.161508"><ele>1403.0266666666666</ele><time>2024-12-01T05:07:48Z</time></trkpt><trkpt lat="35.4510678" lon="139.1613026"><ele>1400.8333333333333</ele><time>2024-12-01T05:08:22Z</time></trkpt><trkpt lat="35.4509264" lon="139.161152"><ele>1396.2133333333331</ele><time>2024-12-01T05:08:51Z</time></trkpt><trkpt lat="35.450747" lon="139.1610977"><ele>1391.7766666666666</ele><time>2024-12-01T05:09:03Z</time></trkpt><trkpt lat="35.4505629" lon="139.1610151"><ele>1386.57</ele><time>2024-12-01T05:09:17Z</time></trkpt><trkpt lat="35.4503752" lon="139.1610887"><ele>1381.9033333333334</ele><time>2024-12-01T05:09:34Z</time></trkpt><trkpt lat="35.4501927" lon="139.1611384"><ele>1376.6866666666667</ele><time>2024-12-01T05:09:58Z</time></trkpt><trkpt lat="35.4500021" lon="139.1611018"><ele>1373.43</ele><time>2024-12-01T05:10:06Z</time></trkpt><trkpt lat="35.4498416" lon="139.1610013"><ele>1371.42</ele><time>2024-12-01T05:10:21Z</time></trkpt><trkpt lat="35.449644" lon="139.1612104"><ele>1367.67</ele><time>2024-12-01T05:12:42Z</time></trkpt><trkpt lat="35.4494656" lon="139.1613046"><ele>1363.8966666666668</ele><time>2024-12-01T05:12:48Z</time></trkpt><trkpt lat="35.4493768" lon="139.1614974"><ele>1361.2133333333334</ele><time>2024-12-01T05:13:07Z</time></trkpt><trkpt lat="35.4492419" lon="139.1616553"><ele>1363.3300000000002</ele><time>2024-12-01T05:13:22Z</time></trkpt><trkpt lat="35.4490476" lon="139.1616702"><ele>1365.1533333333334</ele><time>2024-12-01T05:13:43Z</time></trkpt><trkpt lat="35.4488887" lon="139.1618016"><ele>1367.9400000000003</ele><time>2024-12-01T05:13:57Z</time></trkpt><trkpt lat="35.4487126" lon="139.1618689"><ele>1368.68</ele><time>2024-12-01T05:14:12Z</time></trkpt><trkpt lat="35.4484878" lon="139.1617874"><ele>1370.2966666666669</ele><time>2024-12-01T05:14:27Z</time></trkpt><trkpt lat="35.4483054" lon="139.161729"><ele>1370.4066666666668</ele><time>2024-12-01T05:14:43Z</time></trkpt><trkpt lat="35.4481266" lon="139.1617632"><ele>1370.7833333333335</ele><time>2024-12-01T05:15:01Z</time></trkpt><trkpt lat="35.4479085" lon="139.1617454"><ele>1371.0966666666666</ele><time>2024-12-01T05:15:22Z</time></trkpt><trkpt lat="35.4477127" lon="139.1616958"><ele>1370.92</ele><time>2024-12-01T05:15:37Z</time></trkpt><trkpt lat="35.447516" lon="139.1617106"><ele>1368.7366666666667</ele><time>2024-12-01T05:16:00Z</time></trkpt><trkpt lat="35.4473168" lon="139.1617858"><ele>1365.9533333333336</ele><time>2024-12-01T05:16:26Z</time></trkpt><trkpt lat="35.4471415" lon="139.1618681"><ele>1360.7166666666667</ele><time>2024-12-01T05:16:43Z</time></trkpt><trkpt lat="35.4469548" lon="139.1619736"><ele>1354.1366666666665</ele><time>2024-12-01T05:17:29Z</time></trkpt><trkpt lat="35.4468557" lon="139.1621839"><ele>1346.77</ele><time>2024-12-01T05:17:58Z</time></trkpt><trkpt lat="35.446698" lon="139.1622961"><ele>1339.8166666666666</ele><time>2024-12-01T05:18:25Z</time></trkpt><trkpt lat="35.4465309" lon="139.1623845"><ele>1333.5733333333333</ele><time>2024-12-01T05:18:34Z</time></trkpt><trkpt lat="35.4463702" lon="139.1625085"><ele>1327.8500000000001</ele><time>2024-12-01T05:18:49Z</time></trkpt><trkpt lat="35.4461841" lon="139.1626338"><ele>1321.3733333333332</ele><time>2024-12-01T05:19:10Z</time></trkpt><trkpt lat="35.4460059" lon="139.1625748"><ele>1316.26</ele><time>2024-12-01T05:19:31Z</time></trkpt><trkpt lat="35.4457839" lon="139.1625971"><ele>1310.32</ele><time>2024-12-01T05:19:49Z</time></trkpt><trkpt lat="35.4455819" lon="139.1626209"><ele>1306.1000000000001</ele><time>2024-12-01T05:20:03Z</time></trkpt><trkpt lat="35.4453814" lon="139.1626796"><ele>1301.4933333333333</ele><time>2024-12-01T05:20:21Z</time></trkpt><trkpt lat="35.4451978" lon="139.1627545"><ele>1295.93</ele><time>2024-12-01T05:20:36Z</time></trkpt><trkpt lat="35.4450057" lon="139.16275"><ele>1288.2066666666667</ele><time>2024-12-01T05:20:53Z</time></trkpt><trkpt lat="35.4448054" lon="139.1627268"><ele>1279.41</ele><time>2024-12-01T05:21:10Z</time></trkpt><trkpt lat="35.4446248" lon="139.1627614"><ele>1269.71</ele><time>2024-12-01T05:21:36Z</time></trkpt><trkpt lat="35.4444281" lon="139.1627635"><ele>1259.4133333333332</ele><time>2024-12-01T05:21:54Z</time></trkpt><trkpt lat="35.4442508" lon="139.1626613"><ele>1249.7633333333333</ele><time>2024-12-01T05:22:11Z</time></trkpt><trkpt lat="35.4441059" lon="139.1625196"><ele>1240.61</ele><time>2024-12-01T05:22:26Z</time></trkpt><trkpt lat="35.4439224" lon="139.1626403"><ele>1232.43</ele><time>2024-12-01T05:23:06Z</time></trkpt><trkpt lat="35.443757" lon="139.1625404"><ele>1224.0733333333335</ele><time>2024-12-01T05:23:45Z</time></trkpt><trkpt lat="35.443577" lon="139.1625169"><ele>1215.3733333333332</ele><time>2024-12-01T05:24:22Z</time></trkpt><trkpt lat="35.4434018" lon="139.1625738"><ele>1207.1466666666668</ele><time>2024-12-01T05:25:22Z</time></trkpt><trkpt lat="35.4432198" lon="139.162582"><ele>1196.4833333333333</ele><time>2024-12-01T05:25:54Z</time></trkpt><trkpt lat="35.4430394" lon="139.1626032"><ele>1186.7566666666667</ele><time>2024-12-01T05:26:12Z</time></trkpt><trkpt lat="35.4428466" lon="139.1626192"><ele>1178.05</ele><time>2024-12-01T05:26:33Z</time></trkpt><trkpt lat="35.4426542" lon="139.162557"><ele>1171.2033333333334</ele><time>2024-12-01T05:26:54Z</time></trkpt><trkpt lat="35.4424639" lon="139.1625091"><ele>1164.8533333333335</ele><time>2024-12-01T05:27:28Z</time></trkpt><trkpt lat="35.4422604" lon="139.1624502"><ele>1157.8866666666668</ele><time>2024-12-01T05:27:51Z</time></trkpt><trkpt lat="35.4420142" lon="139.1623717"><ele>1151.9433333333334</ele><time>2024-12-01T05:28:03Z</time></trkpt><trkpt lat="35.4418203" lon="139.1623323"><ele>1145.7133333333334</ele><time>2024-12-01T05:28:23Z</time></trkpt><trkpt lat="35.4415916" lon="139.1623515"><ele>1139.3166666666666</ele><time>2024-12-01T05:28:47Z</time></trkpt><trkpt lat="35.4413699" lon="139.1623878"><ele>1133.993333333333</ele><time>2024-12-01T05:29:01Z</time></trkpt><trkpt lat="35.4410687" lon="139.1624907"><ele>1129.7633333333333</ele><time>2024-12-01T05:29:10Z</time></trkpt><trkpt lat="35.4408601" lon="139.1625905"><ele>1127.5200000000002</ele><time>2024-12-01T05:29:21Z</time></trkpt><trkpt lat="35.4406883" lon="139.1627052"><ele>1126.0166666666667</ele><time>2024-12-01T05:29:36Z</time></trkpt><trkpt lat="35.4405063" lon="139.162871"><ele>1125.2033333333334</ele><time>2024-12-01T05:29:50Z</time></trkpt><trkpt lat="35.4403738" lon="139.1630414"><ele>1124.1533333333334</ele><time>2024-12-01T05:29:59Z</time></trkpt><trkpt lat="35.4402201" lon="139.1631718"><ele>1121.8733333333334</ele><time>2024-12-01T05:30:13Z</time></trkpt><trkpt lat="35.4401202" lon="139.1633761"><ele>1118.6966666666667</ele><time>2024-12-01T05:31:07Z</time></trkpt><trkpt lat="35.4399207" lon="139.1633113"><ele>1113.9066666666665</ele><time>2024-12-01T05:31:28Z</time></trkpt><trkpt lat="35.4397353" lon="139.1632808"><ele>1107.9366666666667</ele><time>2024-12-01T05:31:55Z</time></trkpt><trkpt lat="35.4395631" lon="139.1632091"><ele>1101.2266666666667</ele><time>2024-12-01T05:32:10Z</time></trkpt><trkpt lat="35.4393758" lon="139.1632354"><ele>1094.0900000000001</ele><time>2024-12-01T05:32:31Z</time></trkpt><trkpt lat="35.4391887" lon="139.1631571"><ele>1085.8733333333332</ele><time>2024-12-01T05:32:49Z</time></trkpt><trkpt lat="35.4390156" lon="139.1630913"><ele>1077.4866666666667</ele><time>2024-12-01T05:33:10Z</time></trkpt><trkpt lat="35.4388328" lon="139.1629968"><ele>1068.1966666666667</ele><time>2024-12-01T05:33:42Z</time></trkpt><trkpt lat="35.4386818" lon="139.1628338"><ele>1059.63</ele><time>2024-12-01T05:34:18Z</time></trkpt><trkpt lat="35.4385177" lon="139.1626854"><ele>1051.1000000000001</ele><time>2024-12-01T05:34:34Z</time></trkpt><trkpt lat="35.4383464" lon="139.1626156"><ele>1043.5266666666666</ele><time>2024-12-01T05:34:49Z</time></trkpt><trkpt lat="35.4381515" lon="139.1625606"><ele>1035.5366666666666</ele><time>2024-12-01T05:35:58Z</time></trkpt><trkpt lat="35.4379866" lon="139.1624439"><ele>1027.91</ele><time>2024-12-01T05:36:16Z</time></trkpt><trkpt lat="35.4378037" lon="139.1623483"><ele>1020.2600000000001</ele><time>2024-12-01T05:36:33Z</time></trkpt><trkpt lat="35.4376246" lon="139.1622398"><ele>1013.8833333333333</ele><time>2024-12-01T05:36:48Z</time></trkpt><trkpt lat="35.4374412" lon="139.1622447"><ele>1007.1133333333333</ele><time>2024-12-01T05:37:37Z</time></trkpt><trkpt lat="35.4372531" lon="139.1622291"><ele>1000.29</ele><time>2024-12-01T05:38:25Z</time></trkpt><trkpt lat="35.4370786" lon="139.1623113"><ele>991.27</ele><time>2024-12-01T05:39:04Z</time></trkpt><trkpt lat="35.4368743" lon="139.1623811"><ele>981.6366666666667</ele><time>2024-12-01T05:39:43Z</time></trkpt><trkpt lat="35.4366606" lon="139.162358"><ele>972.2533333333334</ele><time>2024-12-01T05:39:51Z</time></trkpt><trkpt lat="35.4364628" lon="139.1623347"><ele>965.39</ele><time>2024-12-01T05:40:09Z</time></trkpt><trkpt lat="35.4363073" lon="139.1622147"><ele>959.4766666666666</ele><time>2024-12-01T05:40:28Z</time></trkpt><trkpt lat="35.4362657" lon="139.1624458"><ele>954.1566666666668</ele><time>2024-12-01T05:40:58Z</time></trkpt><trkpt lat="35.4362564" lon="139.1626798"><ele>947.9766666666668</ele><time>2024-12-01T05:41:28Z</time></trkpt><trkpt lat="35.4361987" lon="139.1629096"><ele>942.1833333333334</ele><time>2024-12-01T05:41:40Z</time></trkpt><trkpt lat="35.4360465" lon="139.163076"><ele>936.5500000000001</ele><time>2024-12-01T05:42:00Z</time></trkpt><trkpt lat="35.4358628" lon="139.1631222"><ele>931.2733333333332</ele><time>2024-12-01T05:42:11Z</time></trkpt><trkpt lat="35.4358299" lon="139.1633909"><ele>926.4200000000001</ele><time>2024-12-01T05:42:35Z</time></trkpt><trkpt lat="35.4356446" lon="139.1634496"><ele>921.8466666666667</ele><time>2024-12-01T05:42:46Z</time></trkpt><trkpt lat="35.4354035" lon="139.163535"><ele>917.0233333333334</ele><time>2024-12-01T05:42:55Z</time></trkpt><trkpt lat="35.4352041" lon="139.1635169"><ele>913.3066666666667</ele><time>2024-12-01T05:43:06Z</time></trkpt><trkpt lat="35.4350114" lon="139.163514"><ele>911.2833333333333</ele><time>2024-12-01T05:43:17Z</time></trkpt><trkpt lat="35.4348209" lon="139.1635144"><ele>912.84</ele><time>2024-12-01T05:43:31Z</time></trkpt><trkpt lat="35.4346221" lon="139.1635965"><ele>916.2433333333333</ele><time>2024-12-01T05:43:46Z</time></trkpt><trkpt lat="35.4344759" lon="139.1637505"><ele>919.4233333333333</ele><time>2024-12-01T05:44:07Z</time></trkpt><trkpt lat="35.4342933" lon="139.1636672"><ele>921.6066666666666</ele><time>2024-12-01T05:44:27Z</time></trkpt><trkpt lat="35.4340978" lon="139.1636274"><ele>922.8866666666667</ele><time>2024-12-01T05:44:58Z</time></trkpt><trkpt lat="35.4338611" lon="139.1636476"><ele>924.3266666666668</ele><time>2024-12-01T05:45:17Z</time></trkpt><trkpt lat="35.4336832" lon="139.1636904"><ele>925.6766666666667</ele><time>2024-12-01T05:45:29Z</time></trkpt><trkpt lat="35.4334056" lon="139.1637753"><ele>927.5433333333334</ele><time>2024-12-01T05:45:53Z</time></trkpt><trkpt lat="35.4332449" lon="139.163921"><ele>929.9866666666667</ele><time>2024-12-01T05:46:32Z</time></trkpt><trkpt lat="35.4330708" lon="139.1640273"><ele>933.3666666666667</ele><time>2024-12-01T05:46:47Z</time></trkpt><trkpt lat="35.4328924" lon="139.164084"><ele>936.3000000000001</ele><time>2024-12-01T05:46:50Z</time></trkpt><trkpt lat="35.432675" lon="139.1640826"><ele>938.2366666666667</ele><time>2024-12-01T05:47:02Z</time></trkpt><trkpt lat="35.4324819" lon="139.1640313"><ele>938.2733333333334</ele><time>2024-12-01T05:47:16Z</time></trkpt><trkpt lat="35.4322746" lon="139.1639214"><ele>935.94</ele><time>2024-12-01T05:47:32Z</time></trkpt><trkpt lat="35.4321074" lon="139.1638085"><ele>934.5933333333334</ele><time>2024-12-01T05:47:46Z</time></trkpt><trkpt lat="35.4319399" lon="139.1637261"><ele>933.6766666666667</ele><time>2024-12-01T05:47:58Z</time></trkpt><trkpt lat="35.4317371" lon="139.1637304"><ele>934.2133333333335</ele><time>2024-12-01T05:48:12Z</time></trkpt><trkpt lat="35.4315123" lon="139.1637462"><ele>933.2800000000001</ele><time>2024-12-01T05:48:26Z</time></trkpt><trkpt lat="35.4312942" lon="139.1637474"><ele>932.41</ele><time>2024-12-01T05:48:40Z</time></trkpt><trkpt lat="35.4310987" lon="139.1637696"><ele>931.4566666666666</ele><time>2024-12-01T05:48:52Z</time></trkpt><trkpt lat="35.4309228" lon="139.1638616"><ele>930.8233333333333</ele><time>2024-12-01T05:49:07Z</time></trkpt><trkpt lat="35.430739" lon="139.163937"><ele>928.96</ele><time>2024-12-01T05:49:19Z</time></trkpt><trkpt lat="35.4305728" lon="139.164141"><ele>926.5166666666668</ele><time>2024-12-01T05:49:35Z</time></trkpt><trkpt lat="35.4303907" lon="139.164281"><ele>923.6966666666666</ele><time>2024-12-01T05:49:50Z</time></trkpt><trkpt lat="35.4302513" lon="139.1644472"><ele>921.4333333333334</ele><time>2024-12-01T05:49:58Z</time></trkpt><trkpt lat="35.4300556" lon="139.1645142"><ele>919.2333333333335</ele><time>2024-12-01T05:50:13Z</time></trkpt><trkpt lat="35.4298831" lon="139.1646362"><ele>916.9566666666666</ele><time>2024-12-01T05:50:27Z</time></trkpt><trkpt lat="35.4296755" lon="139.1647672"><ele>914.66</ele><time>2024-12-01T05:50:39Z</time></trkpt><trkpt lat="35.4294961" lon="139.1648459"><ele>912.8666666666668</ele><time>2024-12-01T05:50:53Z</time></trkpt><trkpt lat="35.429317" lon="139.1649703"><ele>910.4866666666667</ele><time>2024-12-01T05:51:02Z</time></trkpt><trkpt lat="35.4291392" lon="139.1650412"><ele>907.5233333333334</ele><time>2024-12-01T05:51:11Z</time></trkpt><trkpt lat="35.4289796" lon="139.1651912"><ele>904.5033333333334</ele><time>2024-12-01T05:51:26Z</time></trkpt><trkpt lat="35.4288128" lon="139.1652833"><ele>902.23</ele><time>2024-12-01T05:51:40Z</time></trkpt><trkpt lat="35.4286604" lon="139.1654607"><ele>899.6566666666668</ele><time>2024-12-01T05:51:52Z</time></trkpt><trkpt lat="35.428558" lon="139.1656823"><ele>896.2333333333335</ele><time>2024-12-01T05:52:04Z</time></trkpt><trkpt lat="35.4284205" lon="139.1658453"><ele>891.5500000000001</ele><time>2024-12-01T05:52:21Z</time></trkpt><trkpt lat="35.428273" lon="139.1659841"><ele>886.2866666666667</ele><time>2024-12-01T05:53:09Z</time></trkpt><trkpt lat="35.428167" lon="139.1661734"><ele>880.1966666666667</ele><time>2024-12-01T05:53:26Z</time></trkpt><trkpt lat="35.4280331" lon="139.1663478"><ele>873.2633333333333</ele><time>2024-12-01T05:53:44Z</time></trkpt><trkpt lat="35.4279804" lon="139.1665769"><ele>863.9566666666666</ele><time>2024-12-01T05:53:55Z</time></trkpt><trkpt lat="35.4277662" lon="139.1666364"><ele>855.1933333333333</ele><time>2024-12-01T05:54:11Z</time></trkpt><trkpt lat="35.427564" lon="139.1665938"><ele>847.1633333333333</ele><time>2024-12-01T05:54:29Z</time></trkpt><trkpt lat="35.4273788" lon="139.1666492"><ele>841.66</ele><time>2024-12-01T05:54:49Z</time></trkpt><trkpt lat="35.4272181" lon="139.1667769"><ele>833.8066666666667</ele><time>2024-12-01T05:55:09Z</time></trkpt><trkpt lat="35.4270155" lon="139.166736"><ele>827.4366666666666</ele><time>2024-12-01T05:55:26Z</time></trkpt><trkpt lat="35.4268214" lon="139.1667011"><ele>820.5266666666666</ele><time>2024-12-01T05:55:40Z</time></trkpt><trkpt lat="35.4266005" lon="139.1667148"><ele>814.9766666666668</ele><time>2024-12-01T05:55:57Z</time></trkpt><trkpt lat="35.4264174" lon="139.1668206"><ele>808.8000000000001</ele><time>2024-12-01T05:56:09Z</time></trkpt><trkpt lat="35.4261825" lon="139.1668027"><ele>804.1566666666668</ele><time>2024-12-01T05:56:20Z</time></trkpt><trkpt lat="35.4259737" lon="139.1667514"><ele>800.9233333333333</ele><time>2024-12-01T05:56:31Z</time></trkpt><trkpt lat="35.4257702" lon="139.16667"><ele>798.6333333333333</ele><time>2024-12-01T05:56:46Z</time></trkpt><trkpt lat="35.4255584" lon="139.166566"><ele>797.4699999999999</ele><time>2024-12-01T05:57:03Z</time></trkpt><trkpt lat="35.4253649" lon="139.1664529"><ele>798.16</ele><time>2024-12-01T05:57:14Z</time></trkpt><trkpt lat="35.4251924" lon="139.1663729"><ele>798.2733333333332</ele><time>2024-12-01T05:57:26Z</time></trkpt><trkpt lat="35.424999" lon="139.1662899"><ele>796.96</ele><time>2024-12-01T05:57:41Z</time></trkpt><trkpt lat="35.4248091" lon="139.1662198"><ele>794.0966666666667</ele><time>2024-12-01T05:57:52Z</time></trkpt><trkpt lat="35.424613" lon="139.166118"><ele>790.8400000000001</ele><time>2024-12-01T05:58:04Z</time></trkpt><trkpt lat="35.4244048" lon="139.1660175"><ele>788.23</ele><time>2024-12-01T05:58:15Z</time></trkpt><trkpt lat="35.4242294" lon="139.1659193"><ele>786.0466666666667</ele><time>2024-12-01T05:58:27Z</time></trkpt><trkpt lat="35.4240994" lon="139.1657651"><ele>784.2233333333334</ele><time>2024-12-01T05:58:38Z</time></trkpt><trkpt lat="35.4239503" lon="139.1656246"><ele>782.7000000000002</ele><time>2024-12-01T05:59:00Z</time></trkpt><trkpt lat="35.42378" lon="139.1655314"><ele>780.11</ele><time>2024-12-01T05:59:12Z</time></trkpt><trkpt lat="35.4235691" lon="139.1655039"><ele>777.9966666666666</ele><time>2024-12-01T05:59:45Z</time></trkpt><trkpt lat="35.4232436" lon="139.1653472"><ele>772.7833333333333</ele><time>2024-12-01T06:00:00Z</time></trkpt><trkpt lat="35.4231092" lon="139.1651274"><ele>766.7400000000001</ele><time>2024-12-01T06:00:09Z</time></trkpt><trkpt lat="35.4229757" lon="139.1649566"><ele>758.6733333333333</ele><time>2024-12-01T06:00:55Z</time></trkpt><trkpt lat="35.4228674" lon="139.1647587"><ele>752.0200000000001</ele><time>2024-12-01T06:01:07Z</time></trkpt><trkpt lat="35.4227281" lon="139.1645983"><ele>745.2800000000001</ele><time>2024-12-01T06:01:43Z</time></trkpt><trkpt lat="35.4226448" lon="139.1644017"><ele>739.35</ele><time>2024-12-01T06:02:01Z</time></trkpt><trkpt lat="35.4225164" lon="139.164245"><ele>733.3566666666667</ele><time>2024-12-01T06:02:18Z</time></trkpt><trkpt lat="35.4223831" lon="139.1640916"><ele>727.59</ele><time>2024-12-01T06:02:42Z</time></trkpt><trkpt lat="35.4222621" lon="139.1638883"><ele>721.1866666666666</ele><time>2024-12-01T06:02:57Z</time></trkpt><trkpt lat="35.4221606" lon="139.1636811"><ele>716.29</ele><time>2024-12-01T06:03:00Z</time></trkpt><trkpt lat="35.4219994" lon="139.1635103"><ele>710.9833333333332</ele><time>2024-12-01T06:03:12Z</time></trkpt><trkpt lat="35.4218255" lon="139.1633592"><ele>706.12</ele><time>2024-12-01T06:03:27Z</time></trkpt><trkpt lat="35.4216703" lon="139.1632297"><ele>700.5933333333332</ele><time>2024-12-01T06:04:12Z</time></trkpt><trkpt lat="35.4214664" lon="139.1631429"><ele>695.5833333333334</ele><time>2024-12-01T06:04:36Z</time></trkpt><trkpt lat="35.4212964" lon="139.1630274"><ele>689.91</ele><time>2024-12-01T06:05:00Z</time></trkpt><trkpt lat="35.4210392" lon="139.1626988"><ele>682.9166666666666</ele><time>2024-12-01T06:05:18Z</time></trkpt><trkpt lat="35.4209009" lon="139.1625328"><ele>676.2933333333334</ele><time>2024-12-01T06:05:36Z</time></trkpt><trkpt lat="35.4207031" lon="139.1625072"><ele>668.1</ele><time>2024-12-01T06:05:56Z</time></trkpt><trkpt lat="35.4205064" lon="139.1624046"><ele>658.41</ele><time>2024-12-01T06:06:07Z</time></trkpt><trkpt lat="35.4202998" lon="139.1623746"><ele>646.5400000000001</ele><time>2024-12-01T06:06:29Z</time></trkpt><trkpt lat="35.4201607" lon="139.1622305"><ele>635.02</ele><time>2024-12-01T06:07:01Z</time></trkpt><trkpt lat="35.4199713" lon="139.1622299"><ele>625.13</ele><time>2024-12-01T06:07:22Z</time></trkpt><trkpt lat="35.4197995" lon="139.1621509"><ele>617.7266666666667</ele><time>2024-12-01T06:07:52Z</time></trkpt><trkpt lat="35.4196305" lon="139.1620256"><ele>613.1</ele><time>2024-12-01T06:08:10Z</time></trkpt><trkpt lat="35.419429" lon="139.1619896"><ele>609.1766666666667</ele><time>2024-12-01T06:08:25Z</time></trkpt><trkpt lat="35.4192376" lon="139.1620719"><ele>605.9533333333334</ele><time>2024-12-01T06:08:40Z</time></trkpt><trkpt lat="35.4190404" lon="139.1621008"><ele>603.4300000000001</ele><time>2024-12-01T06:08:55Z</time></trkpt><trkpt lat="35.4188582" lon="139.1621791"><ele>602.42</ele><time>2024-12-01T06:09:07Z</time></trkpt><trkpt lat="35.4186681" lon="139.1622031"><ele>600.7333333333333</ele><time>2024-12-01T06:09:19Z</time></trkpt><trkpt lat="35.4184399" lon="139.1621928"><ele>599.34</ele><time>2024-12-01T06:09:33Z</time></trkpt><trkpt lat="35.4182587" lon="139.1622324"><ele>598.2533333333334</ele><time>2024-12-01T06:09:52Z</time></trkpt><trkpt lat="35.4180615" lon="139.1622353"><ele>598.1733333333333</ele><time>2024-12-01T06:10:11Z</time></trkpt><trkpt lat="35.4179123" lon="139.1623736"><ele>594.5066666666667</ele><time>2024-12-01T06:10:31Z</time></trkpt><trkpt lat="35.4177096" lon="139.162381"><ele>590.98</ele><time>2024-12-01T06:10:50Z</time></trkpt><trkpt lat="35.4174707" lon="139.1624236"><ele>587.4133333333334</ele><time>2024-12-01T06:10:59Z</time></trkpt><trkpt lat="35.4172728" lon="139.1624561"><ele>585.5966666666667</ele><time>2024-12-01T06:11:11Z</time></trkpt><trkpt lat="35.4171069" lon="139.1626076"><ele>582.48</ele><time>2024-12-01T06:11:29Z</time></trkpt><trkpt lat="35.4169246" lon="139.162647"><ele>577.4633333333333</ele><time>2024-12-01T06:11:49Z</time></trkpt><trkpt lat="35.4167232" lon="139.1625261"><ele>574.4133333333333</ele><time>2024-12-01T06:12:22Z</time></trkpt><trkpt lat="35.4165365" lon="139.1625256"><ele>570.3566666666667</ele><time>2024-12-01T06:12:40Z</time></trkpt><trkpt lat="35.4163603" lon="139.162631"><ele>563.5600000000001</ele><time>2024-12-01T06:13:02Z</time></trkpt><trkpt lat="35.4161649" lon="139.1626166"><ele>556.48</ele><time>2024-12-01T06:13:20Z</time></trkpt><trkpt lat="35.4159733" lon="139.1625437"><ele>551.9266666666666</ele><time>2024-12-01T06:13:41Z</time></trkpt><trkpt lat="35.4158446" lon="139.1627161"><ele>549.8966666666666</ele><time>2024-12-01T06:14:05Z</time></trkpt><trkpt lat="35.4157329" lon="139.1629093"><ele>544.64</ele><time>2024-12-01T06:14:19Z</time></trkpt><trkpt lat="35.4155499" lon="139.1629345"><ele>538.3066666666667</ele><time>2024-12-01T06:14:34Z</time></trkpt><trkpt lat="35.4153663" lon="139.1629127"><ele>533.5233333333334</ele><time>2024-12-01T06:14:49Z</time></trkpt><trkpt lat="35.4151891" lon="139.162802"><ele>529.4833333333332</ele><time>2024-12-01T06:15:33Z</time></trkpt><trkpt lat="35.4151096" lon="139.1625753"><ele>523.01</ele><time>2024-12-01T06:15:47Z</time></trkpt><trkpt lat="35.4150495" lon="139.1623569"><ele>514.96</ele><time>2024-12-01T06:16:05Z</time></trkpt><trkpt lat="35.4148812" lon="139.162211"><ele>507.8533333333333</ele><time>2024-12-01T06:16:20Z</time></trkpt><trkpt lat="35.4149133" lon="139.1624615"><ele>502.6433333333334</ele><time>2024-12-01T06:17:03Z</time></trkpt><trkpt lat="35.4147436" lon="139.1623757"><ele>498.07</ele><time>2024-12-01T06:17:37Z</time></trkpt><trkpt lat="35.4145671" lon="139.162237"><ele>493.79333333333335</ele><time>2024-12-01T06:17:58Z</time></trkpt><trkpt lat="35.4143915" lon="139.1621759"><ele>490.4533333333333</ele><time>2024-12-01T06:18:15Z</time></trkpt><trkpt lat="35.4142406" lon="139.1623215"><ele>485.7</ele><time>2024-12-01T06:18:33Z</time></trkpt><trkpt lat="35.4140514" lon="139.1623125"><ele>481.56333333333333</ele><time>2024-12-01T06:18:47Z</time></trkpt><trkpt lat="35.4138433" lon="139.1623516"><ele>477.4766666666667</ele><time>2024-12-01T06:19:05Z</time></trkpt><trkpt lat="35.4136524" lon="139.1624423"><ele>475.01</ele><time>2024-12-01T06:19:19Z</time></trkpt><trkpt lat="35.4134768" lon="139.1623015"><ele>472.09</ele><time>2024-12-01T06:19:46Z</time></trkpt><trkpt lat="35.4132917" lon="139.1621821"><ele>465.2366666666667</ele><time>2024-12-01T06:20:03Z</time></trkpt><trkpt lat="35.4131663" lon="139.1619745"><ele>458.84999999999997</ele><time>2024-12-01T06:20:22Z</time></trkpt><trkpt lat="35.4130172" lon="139.1618197"><ele>454.6133333333334</ele><time>2024-12-01T06:20:33Z</time></trkpt><trkpt lat="35.4128883" lon="139.1616522"><ele>455.69000000000005</ele><time>2024-12-01T06:20:45Z</time></trkpt><trkpt lat="35.412724" lon="139.1617572"><ele>456.4533333333334</ele><time>2024-12-01T06:20:57Z</time></trkpt><trkpt lat="35.4125817" lon="139.1619328"><ele>450.75</ele><time>2024-12-01T06:21:09Z</time></trkpt><trkpt lat="35.4123976" lon="139.1620508"><ele>444.7866666666667</ele><time>2024-12-01T06:21:26Z</time></trkpt><trkpt lat="35.4122101" lon="139.1621151"><ele>440.27666666666664</ele><time>2024-12-01T06:21:39Z</time></trkpt><trkpt lat="35.4120152" lon="139.1621895"><ele>439.1333333333334</ele><time>2024-12-01T06:21:51Z</time></trkpt><trkpt lat="35.4118604" lon="139.161993"><ele>439.8066666666667</ele><time>2024-12-01T06:22:03Z</time></trkpt><trkpt lat="35.411738" lon="139.161797"><ele>440.97</ele><time>2024-12-01T06:22:15Z</time></trkpt><trkpt lat="35.4115562" lon="139.1618567"><ele>440.62000000000006</ele><time>2024-12-01T06:22:42Z</time></trkpt><trkpt lat="35.411441" lon="139.1620642"><ele>434.67333333333335</ele><time>2024-12-01T06:23:02Z</time></trkpt><trkpt lat="35.4112485" lon="139.1621607"><ele>427.5333333333333</ele><time>2024-12-01T06:23:19Z</time></trkpt><trkpt lat="35.4110689" lon="139.1622595"><ele>423.00333333333333</ele><time>2024-12-01T06:23:31Z</time></trkpt><trkpt lat="35.4109274" lon="139.1624576"><ele>417.93</ele><time>2024-12-01T06:23:46Z</time></trkpt><trkpt lat="35.4107829" lon="139.1626331"><ele>411.73333333333335</ele><time>2024-12-01T06:23:55Z</time></trkpt><trkpt lat="35.410656" lon="139.1628574"><ele>404.54333333333335</ele><time>2024-12-01T06:24:10Z</time></trkpt><trkpt lat="35.4105055" lon="139.163038"><ele>399.2266666666667</ele><time>2024-12-01T06:24:22Z</time></trkpt><trkpt lat="35.4103497" lon="139.1631617"><ele>394.7166666666667</ele><time>2024-12-01T06:24:39Z</time></trkpt><trkpt lat="35.4102156" lon="139.1633595"><ele>391.49</ele><time>2024-12-01T06:25:00Z</time></trkpt><trkpt lat="35.410087" lon="139.1635589"><ele>388.6333333333334</ele><time>2024-12-01T06:25:09Z</time></trkpt><trkpt lat="35.4099182" lon="139.1636929"><ele>384.77333333333337</ele><time>2024-12-01T06:25:20Z</time></trkpt><trkpt lat="35.4097158" lon="139.1637067"><ele>381.1333333333334</ele><time>2024-12-01T06:25:32Z</time></trkpt><trkpt lat="35.4094863" lon="139.1637133"><ele>378.67333333333335</ele><time>2024-12-01T06:25:41Z</time></trkpt><trkpt lat="35.4092856" lon="139.1636492"><ele>376.7966666666667</ele><time>2024-12-01T06:25:52Z</time></trkpt><trkpt lat="35.4090861" lon="139.1635593"><ele>374.0</ele><time>2024-12-01T06:26:04Z</time></trkpt><trkpt lat="35.408916" lon="139.1636477"><ele>369.09999999999997</ele><time>2024-12-01T06:26:15Z</time></trkpt><trkpt lat="35.408772" lon="139.1637829"><ele>364.5433333333333</ele><time>2024-12-01T06:26:30Z</time></trkpt><trkpt lat="35.4087265" lon="139.1640027"><ele>361.37999999999994</ele><time>2024-12-01T06:26:39Z</time></trkpt><trkpt lat="35.4086248" lon="139.1642422"><ele>358.80333333333334</ele><time>2024-12-01T06:26:51Z</time></trkpt><trkpt lat="35.4085826" lon="139.1644737"><ele>355.7833333333333</ele><time>2024-12-01T06:26:59Z</time></trkpt><trkpt lat="35.4084953" lon="139.1647134"><ele>351.21000000000004</ele><time>2024-12-01T06:27:11Z</time></trkpt><trkpt lat="35.4082941" lon="139.1648061"><ele>347.6466666666667</ele><time>2024-12-01T06:27:19Z</time></trkpt><trkpt lat="35.4080653" lon="139.1648398"><ele>345.45000000000005</ele><time>2024-12-01T06:27:31Z</time></trkpt><trkpt lat="35.4078624" lon="139.1649009"><ele>343.67333333333335</ele><time>2024-12-01T06:27:40Z</time></trkpt><trkpt lat="35.4076283" lon="139.1649971"><ele>341.08666666666664</ele><time>2024-12-01T06:27:51Z</time></trkpt><trkpt lat="35.4074483" lon="139.1650369"><ele>337.34</ele><time>2024-12-01T06:28:00Z</time></trkpt><trkpt lat="35.4072555" lon="139.1651493"><ele>333.82666666666665</ele><time>2024-12-01T06:28:08Z</time></trkpt><trkpt lat="35.4070863" lon="139.1652557"><ele>331.1</ele><time>2024-12-01T06:28:17Z</time></trkpt><trkpt lat="35.406921" lon="139.1654185"><ele>328.2266666666667</ele><time>2024-12-01T06:28:25Z</time></trkpt><trkpt lat="35.4067536" lon="139.1655601"><ele>325.0733333333333</ele><time>2024-12-01T06:28:33Z</time></trkpt><trkpt lat="35.4066198" lon="139.1657527"><ele>322.05</ele><time>2024-12-01T06:28:48Z</time></trkpt><trkpt lat="35.4064188" lon="139.1658608"><ele>320.44666666666666</ele><time>2024-12-01T06:29:02Z</time></trkpt><trkpt lat="35.4062381" lon="139.1658699"><ele>320.0933333333333</ele><time>2024-12-01T06:29:13Z</time></trkpt><trkpt lat="35.4060271" lon="139.1659046"><ele>318.1066666666666</ele><time>2024-12-01T06:29:28Z</time></trkpt><trkpt lat="35.4058655" lon="139.1661062"><ele>314.6666666666667</ele><time>2024-12-01T06:29:40Z</time></trkpt><trkpt lat="35.4057917" lon="139.1663493"><ele>310.1166666666667</ele><time>2024-12-01T06:29:52Z</time></trkpt><trkpt lat="35.4057862" lon="139.1666199"><ele>306.7233333333333</ele><time>2024-12-01T06:30:03Z</time></trkpt><trkpt lat="35.4059088" lon="139.1668425"><ele>304.0266666666667</ele><time>2024-12-01T06:30:15Z</time></trkpt><trkpt lat="35.4059923" lon="139.167051"><ele>301.92333333333335</ele><time>2024-12-01T06:30:27Z</time></trkpt><trkpt lat="35.4060239" lon="139.1673229"><ele>299.23</ele><time>2024-12-01T06:30:41Z</time></trkpt><trkpt lat="35.4059831" lon="139.1675725"><ele>296.14000000000004</ele><time>2024-12-01T06:30:55Z</time></trkpt><trkpt lat="35.4059076" lon="139.1678422"><ele>293.63</ele><time>2024-12-01T06:31:08Z</time></trkpt><trkpt lat="35.4057746" lon="139.1680395"><ele>292.6066666666666</ele><time>2024-12-01T06:31:20Z</time></trkpt><trkpt lat="35.4055984" lon="139.1681748"><ele>293.20666666666665</ele><time>2024-12-01T06:31:35Z</time></trkpt><trkpt lat="35.4054004" lon="139.1682504"><ele>293.1166666666667</ele><time>2024-12-01T06:31:47Z</time></trkpt><trkpt lat="35.4052166" lon="139.1682493"><ele>292.72333333333336</ele><time>2024-12-01T06:32:01Z</time></trkpt><trkpt lat="35.4050441" lon="139.1684163"><ele>291.14</ele><time>2024-12-01T06:32:13Z</time></trkpt><trkpt lat="35.4048556" lon="139.168523"><ele>289.8933333333334</ele><time>2024-12-01T06:32:25Z</time></trkpt></trkseg></trk></gpx>